Event Type,Card Holder,Employee ID,Card No.,Event Time,Authentication Type,Card Reader ID,Card Type,Mask,Door No.
Face Authentication Failed,,,,2026-05-04 06:06:28,faceOrFpOrCardOrPw,1,1,no,1
Face Authentication Failed,,,,2026-05-04 06:06:32,faceOrFpOrCardOrPw,1,1,no,1
Fingerprint Recognition Failed,,,,2026-05-04 06:06:33,faceOrFpOrCardOrPw,1,1,,1
Fingerprint Recognition Failed,,,,2026-05-04 06:06:42,faceOrFpOrCardOrPw,1,1,,1
Fingerprint Recognition Failed,,,,2026-05-04 06:06:48,faceOrFpOrCardOrPw,1,1,,1
Door Locked,,,,2026-05-04 06:38:18,,,,,1
Face Authentication Passed,DUBER ERLEY GIRALDO ZULUAGA,17209957,,2026-05-04 06:38:18,faceOrFpOrCardOrPw,1,1,no,1
Door Unlocked,,,,2026-05-04 06:38:23,,,,,1
Door Locked,,,,2026-05-04 06:52:40,,,,,1
Fingerprint Recognition Passed,DIEGO ANDRES HENAO ROMERO,71337024,,2026-05-04 06:52:40,faceOrFpOrCardOrPw,1,1,,1
Door Unlocked,,,,2026-05-04 06:52:45,,,,,1
Door Locked,,,,2026-05-04 06:53:29,,,,,1
Fingerprint Recognition Passed,LUZ DERLIS ORTEGA GONZALEZ,57292045,,2026-05-04 06:53:29,faceOrFpOrCardOrPw,1,1,,1
Door Unlocked,,,,2026-05-04 06:53:34,,,,,1
Door Locked,,,,2026-05-04 06:59:24,,,,,1
Face Authentication Passed,JUAN FERNANDO ALVAREZ FIGUEROA,71269108,,2026-05-04 06:59:24,faceOrFpOrCardOrPw,1,1,no,1
Door Unlocked,,,,2026-05-04 06:59:29,,,,,1
Door Locked,,,,2026-05-04 07:07:16,,,,,1
Fingerprint Recognition Passed,PAULA ANDREA URIBE VARGAS,32244015,,2026-05-04 07:07:16,faceOrFpOrCardOrPw,1,1,,1
Door Unlocked,,,,2026-05-04 07:07:21,,,,,1
Door Locked,,,,2026-05-04 07:07:37,,,,,1
Face Authentication Passed,JOHN ALEXANDER CUADROS SERNA,8126705,,2026-05-04 07:07:37,faceOrFpOrCardOrPw,1,1,no,1
Door Unlocked,,,,2026-05-04 07:07:42,,,,,1
Fingerprint Recognition Passed,ESTEFANIA GOMEZ ARENAS,28478853,,2026-05-04 07:10:23,faceOrFpOrCardOrPw,1,1,,1
Door Locked,,,,2026-05-04 07:10:24,,,,,1
Door Unlocked,,,,2026-05-04 07:10:29,,,,,1
Fingerprint Recognition Failed,,,,2026-05-04 07:13:25,faceOrFpOrCardOrPw,1,1,,1
Fingerprint Recognition Failed,,,,2026-05-04 07:13:29,faceOrFpOrCardOrPw,1,1,,1
Face Authentication Failed,,,,2026-05-04 07:13:40,faceOrFpOrCardOrPw,1,1,no,1
Door Locked,,,,2026-05-04 07:18:44,,,,,1
Door Unlocked,,,,2026-05-04 07:23:40,,,,,1
Door Locked,,,,2026-05-04 07:24:15,,,,,1
Fingerprint Recognition Passed,NUBIA ELENA BEDOYA CARO,42787291,,2026-05-04 07:24:15,faceOrFpOrCardOrPw,1,1,,1
Door Unlocked,,,,2026-05-04 07:24:20,,,,,1
Door Locked,,,,2026-05-04 07:24:42,,,,,1
Fingerprint Recognition Passed,ANDRES FELIPE AGUIRRE MARIN,70422459,,2026-05-04 07:24:42,faceOrFpOrCardOrPw,1,1,,1
Door Unlocked,,,,2026-05-04 07:24:47,,,,,1
Door Locked,,,,2026-05-04 07:26:50,,,,,1
Fingerprint Recognition Passed,DAVIDSON GALEANO AVENDAÑO,40370997,,2026-05-04 07:26:50,faceOrFpOrCardOrPw,1,1,,1
Door Unlocked,,,,2026-05-04 07:26:55,,,,,1
Door Locked,,,,2026-05-04 07:28:18,,,,,1
Fingerprint Recognition Passed,BEIMAR ALBERTO CHAVERRA GIRALDO,98631269,,2026-05-04 07:28:18,faceOrFpOrCardOrPw,1,1,,1
Door Unlocked,,,,2026-05-04 07:28:23,,,,,1
Door Locked,,,,2026-05-04 07:29:02,,,,,1
Fingerprint Recognition Passed,OSCAR YOVANNY GONZALEZ MUNERA,71214132,,2026-05-04 07:29:02,faceOrFpOrCardOrPw,1,1,,1
Door Unlocked,,,,2026-05-04 07:29:07,,,,,1
Door Locked,,,,2026-05-04 07:29:19,,,,,1
Fingerprint Recognition Passed,KELI JOHANA CARVAJAL DURANGO,52689564,,2026-05-04 07:29:19,faceOrFpOrCardOrPw,1,1,,1
Door Unlocked,,,,2026-05-04 07:29:24,,,,,1
Door Locked,,,,2026-05-04 07:29:38,,,,,1
Fingerprint Recognition Passed,JHONATHAN ESTIVENSON URAN SERNA,28398370,,2026-05-04 07:29:38,faceOrFpOrCardOrPw,1,1,,1
Door Unlocked,,,,2026-05-04 07:29:43,,,,,1
Fingerprint Recognition Failed,,,,2026-05-04 07:29:55,faceOrFpOrCardOrPw,1,1,,1
Door Locked,,,,2026-05-04 07:29:58,,,,,1
Fingerprint Recognition Passed,JAQUELINE VALDERRAMA ALVAREZ,4027534,,2026-05-04 07:29:58,faceOrFpOrCardOrPw,1,1,,1
Door Unlocked,,,,2026-05-04 07:30:03,,,,,1
Face Authentication Failed,,,,2026-05-04 07:30:05,faceOrFpOrCardOrPw,1,1,no,1
Fingerprint Recognition Passed,ANA MARIA LOPEZ RUIZ,43865704,,2026-05-04 07:34:13,faceOrFpOrCardOrPw,1,1,,1
Door Locked,,,,2026-05-04 07:34:14,,,,,1
Door Unlocked,,,,2026-05-04 07:34:19,,,,,1
Fingerprint Recognition Passed,EDIVER GALEANO CARMONA,16725402,,2026-05-04 07:44:41,faceOrFpOrCardOrPw,1,1,,1
Door Unlocked,,,,2026-05-04 07:44:46,,,,,1
Door Locked,,,,2026-05-04 07:55:07,,,,,1
Fingerprint Recognition Passed,WILDER SANTIAGO MEJIA ALVAREZ,20489034,,2026-05-04 07:55:07,faceOrFpOrCardOrPw,1,1,,1
Door Unlocked,,,,2026-05-04 07:55:12,,,,,1
Door Locked,,,,2026-05-04 07:56:05,,,,,1
Face Authentication Passed,JESSICA SALAZAR CAÑAS,52184530,,2026-05-04 07:56:05,faceOrFpOrCardOrPw,1,1,no,1
Door Unlocked,,,,2026-05-04 07:56:10,,,,,1
Door Locked,,,,2026-05-04 07:56:30,,,,,1
Fingerprint Recognition Passed,MARIA ROSMIRA RODRIGUEZ BUITRAGO,42995314,,2026-05-04 07:56:30,faceOrFpOrCardOrPw,1,1,,1
Door Unlocked,,,,2026-05-04 07:56:35,,,,,1
Door Locked,,,,2026-05-04 07:56:38,,,,,1
Face Authentication Passed,CAMILA ANDREA CARMONA GIRALDO,8439164,,2026-05-04 07:56:38,faceOrFpOrCardOrPw,1,1,no,1
Door Unlocked,,,,2026-05-04 07:56:43,,,,,1
Fingerprint Recognition Failed,,,,2026-05-04 08:00:00,faceOrFpOrCardOrPw,1,1,,1
Face Authentication Failed,,,,2026-05-04 08:00:04,faceOrFpOrCardOrPw,1,1,no,1
Face Authentication Failed,,,,2026-05-04 08:00:11,faceOrFpOrCardOrPw,1,1,no,1
Face Authentication Failed,,,,2026-05-04 08:00:45,faceOrFpOrCardOrPw,1,1,no,1
Fingerprint Recognition Failed,,,,2026-05-04 08:00:46,faceOrFpOrCardOrPw,1,1,,1
Face Authentication Failed,,,,2026-05-04 08:00:49,faceOrFpOrCardOrPw,1,1,no,1
Door Locked,,,,2026-05-04 08:00:52,,,,,1
Fingerprint Recognition Passed,MAURICIO MURILLO FONNEGRA,98494133,,2026-05-04 08:00:52,faceOrFpOrCardOrPw,1,1,,1
Door Unlocked,,,,2026-05-04 08:00:57,,,,,1
Door Locked,,,,2026-05-04 08:02:05,,,,,1
Face Authentication Passed,LEIDY JOHANA LONDONO VALENCIA,93514952,,2026-05-04 08:02:05,faceOrFpOrCardOrPw,1,1,no,1
Door Unlocked,,,,2026-05-04 08:02:10,,,,,1
Face Authentication Failed,,,,2026-05-04 08:04:50,faceOrFpOrCardOrPw,1,1,no,1
Face Authentication Failed,,,,2026-05-04 08:04:54,faceOrFpOrCardOrPw,1,1,no,1
Door Locked,,,,2026-05-04 08:04:57,,,,,1
Fingerprint Recognition Passed,HAILER ARTURO MONTOYA CANO,33337771,,2026-05-04 08:04:57,faceOrFpOrCardOrPw,1,1,,1
Door Unlocked,,,,2026-05-04 08:25:20,,,,,1
Fingerprint Recognition Passed,OMAR ENRIQUE OROZCO SIMANCA,65579115,,2026-05-04 08:26:54,faceOrFpOrCardOrPw,1,1,,1
Door Locked,,,,2026-05-04 08:26:55,,,,,1
Fingerprint Recognition Passed,EYLER SANTIAGO TABARES MONTEALEGRE,17219543,,2026-05-04 08:26:59,faceOrFpOrCardOrPw,1,1,,1
Fingerprint Recognition Passed,MARI ANGELA PALACIOS PALACIOS,6816620,,2026-05-04 08:27:02,faceOrFpOrCardOrPw,1,1,,1
Door Unlocked,,,,2026-05-04 08:27:07,,,,,1
Fingerprint Recognition Passed,ELIZABETH OSORIO CASTAÑO,37586673,,2026-05-04 08:29:38,faceOrFpOrCardOrPw,1,1,,1
Door Locked,,,,2026-05-04 08:29:39,,,,,1
Door Unlocked,,,,2026-05-04 08:29:44,,,,,1
Door Locked,,,,2026-05-04 11:47:03,,,,,1
Fingerprint Recognition Passed,KELI JOHANA CARVAJAL DURANGO,52689564,,2026-05-04 11:47:03,faceOrFpOrCardOrPw,1,1,,1
Door Unlocked,,,,2026-05-04 11:47:08,,,,,1
Door Locked,,,,2026-05-04 11:48:12,,,,,1
Fingerprint Recognition Passed,NUBIA ELENA BEDOYA CARO,42787291,,2026-05-04 11:48:12,faceOrFpOrCardOrPw,1,1,,1
Door Unlocked,,,,2026-05-04 11:48:17,,,,,1
Door Locked,,,,2026-05-04 11:48:27,,,,,1
Fingerprint Recognition Passed,MARI ANGELA PALACIOS PALACIOS,6816620,,2026-05-04 11:48:27,faceOrFpOrCardOrPw,1,1,,1
Door Unlocked,,,,2026-05-04 11:48:32,,,,,1
Fingerprint Recognition Passed,JUAN CAMILO ZAPATA GONZALEZ,42706670,,2026-05-04 12:16:49,faceOrFpOrCardOrPw,1,1,,1
Door Locked,,,,2026-05-04 12:16:50,,,,,1
Door Unlocked,,,,2026-05-04 12:16:54,,,,,1
Door Locked,,,,2026-05-04 12:28:01,,,,,1
Fingerprint Recognition Passed,NUBIA ELENA BEDOYA CARO,42787291,,2026-05-04 12:28:01,faceOrFpOrCardOrPw,1,1,,1
Door Unlocked,,,,2026-05-04 12:28:06,,,,,1
Door Locked,,,,2026-05-04 12:28:18,,,,,1
Face Authentication Passed,JUAN FERNANDO ALVAREZ FIGUEROA,71269108,,2026-05-04 12:28:18,faceOrFpOrCardOrPw,1,1,no,1
Door Unlocked,,,,2026-05-04 12:28:23,,,,,1
Door Locked,,,,2026-05-04 12:30:53,,,,,1
Fingerprint Recognition Passed,DAVIDSON GALEANO AVENDAÑO,40370997,,2026-05-04 12:30:53,faceOrFpOrCardOrPw,1,1,,1
Door Unlocked,,,,2026-05-04 12:30:58,,,,,1
Door Locked,,,,2026-05-04 12:31:10,,,,,1
Fingerprint Recognition Passed,KELI JOHANA CARVAJAL DURANGO,52689564,,2026-05-04 12:31:10,faceOrFpOrCardOrPw,1,1,,1
Door Unlocked,,,,2026-05-04 12:31:15,,,,,1
Door Locked,,,,2026-05-04 12:32:27,,,,,1
Fingerprint Recognition Passed,MARI ANGELA PALACIOS PALACIOS,6816620,,2026-05-04 12:32:27,faceOrFpOrCardOrPw,1,1,,1
Door Unlocked,,,,2026-05-04 12:32:32,,,,,1
Door Locked,,,,2026-05-04 12:33:10,,,,,1
Fingerprint Recognition Passed,JUAN PABLO LOPEZ VASCO,900324,,2026-05-04 12:33:10,faceOrFpOrCardOrPw,1,1,,1
Door Unlocked,,,,2026-05-04 12:33:15,,,,,1
Door Locked,,,,2026-05-04 12:33:24,,,,,1
Fingerprint Recognition Passed,HAILER ARTURO MONTOYA CANO,33337771,,2026-05-04 12:33:24,faceOrFpOrCardOrPw,1,1,,1
Door Unlocked,,,,2026-05-04 12:33:29,,,,,1
Door Locked,,,,2026-05-04 12:33:45,,,,,1
Fingerprint Recognition Passed,DIEGO ANDRES HENAO ROMERO,71337024,,2026-05-04 12:33:45,faceOrFpOrCardOrPw,1,1,,1
Door Unlocked,,,,2026-05-04 12:33:50,,,,,1
Door Locked,,,,2026-05-04 12:35:28,,,,,1
Fingerprint Recognition Passed,MARIA ALEJANDRA CORTES URIBE,36616702,,2026-05-04 12:35:28,faceOrFpOrCardOrPw,1,1,,1
Door Unlocked,,,,2026-05-04 12:35:33,,,,,1
Door Unlocked,,,,2026-05-04 13:02:22,,,,,1
Door Locked,,,,2026-05-04 13:14:04,,,,,1
Fingerprint Recognition Passed,JUAN PABLO LOPEZ VASCO,900324,,2026-05-04 13:14:04,faceOrFpOrCardOrPw,1,1,,1
Door Unlocked,,,,2026-05-04 13:14:09,,,,,1
Door Locked,,,,2026-05-04 13:15:38,,,,,1
Fingerprint Recognition Passed,HAILER ARTURO MONTOYA CANO,33337771,,2026-05-04 13:15:38,faceOrFpOrCardOrPw,1,1,,1
Door Unlocked,,,,2026-05-04 13:15:43,,,,,1
Door Locked,,,,2026-05-04 13:16:12,,,,,1
Fingerprint Recognition Passed,ANDRES FELIPE AGUIRRE MARIN,70422459,,2026-05-04 13:16:12,faceOrFpOrCardOrPw,1,1,,1
Door Unlocked,,,,2026-05-04 13:16:17,,,,,1
Door Locked,,,,2026-05-04 13:16:34,,,,,1
Fingerprint Recognition Passed,MARIA ALEJANDRA CORTES URIBE,36616702,,2026-05-04 13:16:34,faceOrFpOrCardOrPw,1,1,,1
Door Unlocked,,,,2026-05-04 13:16:39,,,,,1
Door Locked,,,,2026-05-04 13:16:56,,,,,1
Fingerprint Recognition Passed,OSCAR YOVANNY GONZALEZ MUNERA,71214132,,2026-05-04 13:16:56,faceOrFpOrCardOrPw,1,1,,1
Door Unlocked,,,,2026-05-04 13:17:01,,,,,1
Fingerprint Recognition Passed,DAVIDSON GALEANO AVENDAÑO,40370997,,2026-05-04 13:18:27,faceOrFpOrCardOrPw,1,1,,1
Door Locked,,,,2026-05-04 13:18:28,,,,,1
Door Unlocked,,,,2026-05-04 13:18:33,,,,,1
Door Locked,,,,2026-05-04 13:19:13,,,,,1
Face Authentication Passed,BAIRON NICOLAS CALLE RIVERA,40367273,,2026-05-04 13:19:13,faceOrFpOrCardOrPw,1,1,no,1
Door Unlocked,,,,2026-05-04 13:19:18,,,,,1
Door Locked,,,,2026-05-04 13:19:47,,,,,1
Face Authentication Passed,LEIDY JOHANA LONDONO VALENCIA,93514952,,2026-05-04 13:19:47,faceOrFpOrCardOrPw,1,1,no,1
Door Unlocked,,,,2026-05-04 13:19:52,,,,,1
Door Locked,,,,2026-05-04 13:21:27,,,,,1
Fingerprint Recognition Passed,JHONATHAN ESTIVENSON URAN SERNA,28398370,,2026-05-04 13:21:27,faceOrFpOrCardOrPw,1,1,,1
Door Unlocked,,,,2026-05-04 13:21:32,,,,,1
Fingerprint Recognition Failed,,,,2026-05-04 13:23:10,faceOrFpOrCardOrPw,1,1,,1
Door Locked,,,,2026-05-04 13:23:14,,,,,1
Door Unlocked,,,,2026-05-04 13:27:05,,,,,1
Door Locked,,,,2026-05-04 13:28:25,,,,,1
Fingerprint Recognition Passed,ELIZABETH OSORIO CASTAÑO,37586673,,2026-05-04 13:28:25,faceOrFpOrCardOrPw,1,1,,1
Door Unlocked,,,,2026-05-04 13:28:30,,,,,1
Fingerprint Recognition Failed,,,,2026-05-04 13:32:06,faceOrFpOrCardOrPw,1,1,,1
Door Locked,,,,2026-05-04 13:32:06,,,,,1
Face Authentication Passed,PAULA ANDREA URIBE VARGAS,32244015,,2026-05-04 13:32:06,faceOrFpOrCardOrPw,1,1,no,1
Door Unlocked,,,,2026-05-04 13:32:11,,,,,1
Door Locked,,,,2026-05-04 13:32:14,,,,,1
Face Authentication Passed,ANDRES RESTREPO,1399637,,2026-05-04 13:32:14,faceOrFpOrCardOrPw,1,1,no,1
Door Unlocked,,,,2026-05-04 13:32:19,,,,,1
Fingerprint Recognition Passed,CLAUDIA PATRICIA ZAPATA SOTO,43738836,,2026-05-04 13:38:14,faceOrFpOrCardOrPw,1,1,,1
Door Locked,,,,2026-05-04 13:38:15,,,,,1
Door Unlocked,,,,2026-05-04 13:38:20,,,,,1
Door Locked,,,,2026-05-04 14:00:48,,,,,1
Fingerprint Recognition Passed,ANDRES FELIPE AGUIRRE MARIN,70422459,,2026-05-04 14:00:48,faceOrFpOrCardOrPw,1,1,,1
Door Unlocked,,,,2026-05-04 14:00:53,,,,,1
Door Locked,,,,2026-05-04 14:01:23,,,,,1
Face Authentication Passed,BAIRON NICOLAS CALLE RIVERA,40367273,,2026-05-04 14:01:23,faceOrFpOrCardOrPw,1,1,no,1
Door Unlocked,,,,2026-05-04 14:01:28,,,,,1
Door Locked,,,,2026-05-04 14:03:53,,,,,1
Fingerprint Recognition Passed,JOHAN ALEXIS MEJIA HENAO,17243886,,2026-05-04 14:03:53,faceOrFpOrCardOrPw,1,1,,1
Door Unlocked,,,,2026-05-04 14:03:58,,,,,1
Door Locked,,,,2026-05-04 14:04:43,,,,,1
Fingerprint Recognition Passed,JAQUELINE VALDERRAMA ALVAREZ,4027534,,2026-05-04 14:04:43,faceOrFpOrCardOrPw,1,1,,1
Door Unlocked,,,,2026-05-04 14:04:48,,,,,1
Door Locked,,,,2026-05-04 14:04:50,,,,,1
Fingerprint Recognition Passed,JHONATHAN ESTIVENSON URAN SERNA,28398370,,2026-05-04 14:04:50,faceOrFpOrCardOrPw,1,1,,1
Door Unlocked,,,,2026-05-04 14:04:55,,,,,1
Door Locked,,,,2026-05-04 14:06:19,,,,,1
Door Unlocked,,,,2026-05-04 15:08:32,,,,,1
Door Locked,,,,2026-05-04 15:08:58,,,,,1
Fingerprint Recognition Passed,SEBASTIAN PELAEZ ZAPATA,35867201,,2026-05-04 15:08:58,faceOrFpOrCardOrPw,1,1,,1
Door Unlocked,,,,2026-05-04 15:09:03,,,,,1
Door Locked,,,,2026-05-04 15:34:30,,,,,1
Face Authentication Passed,LEIDY JOHANA LONDONO VALENCIA,93514952,,2026-05-04 15:34:30,faceOrFpOrCardOrPw,1,1,no,1
Door Unlocked,,,,2026-05-04 15:34:35,,,,,1
Door Locked,,,,2026-05-04 15:48:49,,,,,1
Face Authentication Passed,JESSICA SALAZAR CAÑAS,52184530,,2026-05-04 15:48:49,faceOrFpOrCardOrPw,1,1,no,1
Door Unlocked,,,,2026-05-04 15:48:54,,,,,1
Door Locked,,,,2026-05-04 17:05:22,,,,,1
Fingerprint Recognition Passed,NUBIA ELENA BEDOYA CARO,42787291,,2026-05-04 17:05:22,faceOrFpOrCardOrPw,1,1,,1
Door Unlocked,,,,2026-05-04 17:05:27,,,,,1
Door Locked,,,,2026-05-04 17:05:37,,,,,1
Fingerprint Recognition Passed,PAULA ANDREA URIBE VARGAS,32244015,,2026-05-04 17:05:37,faceOrFpOrCardOrPw,1,1,,1
Door Unlocked,,,,2026-05-04 17:05:42,,,,,1
Fingerprint Recognition Passed,JUAN CAMILO ZAPATA GONZALEZ,42706670,,2026-05-04 17:05:56,faceOrFpOrCardOrPw,1,1,,1
Door Locked,,,,2026-05-04 17:05:57,,,,,1
Door Unlocked,,,,2026-05-04 17:06:02,,,,,1
Door Locked,,,,2026-05-04 17:06:56,,,,,1
Fingerprint Recognition Passed,DAVIDSON GALEANO AVENDAÑO,40370997,,2026-05-04 17:06:56,faceOrFpOrCardOrPw,1,1,,1
Face Authentication Passed,DANIELA CASTRILLON PULGARIN,17261353,,2026-05-04 17:06:57,faceOrFpOrCardOrPw,1,1,no,1
Door Unlocked,,,,2026-05-04 17:07:02,,,,,1
Door Locked,,,,2026-05-04 17:08:35,,,,,1
Fingerprint Recognition Passed,MARIA ALEJANDRA CORTES URIBE,36616702,,2026-05-04 17:08:35,faceOrFpOrCardOrPw,1,1,,1
Door Unlocked,,,,2026-05-04 17:08:40,,,,,1
Door Locked,,,,2026-05-04 17:08:47,,,,,1
Fingerprint Recognition Passed,ANDRES FELIPE AGUIRRE MARIN,70422459,,2026-05-04 17:08:47,faceOrFpOrCardOrPw,1,1,,1
Door Unlocked,,,,2026-05-04 17:08:52,,,,,1
Door Locked,,,,2026-05-04 17:09:12,,,,,1
Fingerprint Recognition Failed,,,,2026-05-04 17:18:05,faceOrFpOrCardOrPw,1,1,,1
Door Locked,,,,2026-05-04 17:18:06,,,,,1
Fingerprint Recognition Passed,OSCAR YOVANNY GONZALEZ MUNERA,71214132,,2026-05-04 17:18:06,faceOrFpOrCardOrPw,1,1,,1
Door Unlocked,,,,2026-05-04 17:18:11,,,,,1
Fingerprint Recognition Passed,CLAUDIA PATRICIA ZAPATA SOTO,43738836,,2026-05-04 17:25:50,faceOrFpOrCardOrPw,1,1,,1
Door Locked,,,,2026-05-04 17:25:51,,,,,1
Door Unlocked,,,,2026-05-04 17:25:56,,,,,1
Door Locked,,,,2026-05-04 17:32:14,,,,,1
Fingerprint Recognition Passed,WILDER SANTIAGO MEJIA ALVAREZ,20489034,,2026-05-04 17:32:14,faceOrFpOrCardOrPw,1,1,,1
Door Unlocked,,,,2026-05-04 17:32:19,,,,,1
Face Authentication Failed,,,,2026-05-04 17:33:12,faceOrFpOrCardOrPw,1,1,no,1
Door Locked,,,,2026-05-04 17:33:17,,,,,1
Fingerprint Recognition Passed,HAILER ARTURO MONTOYA CANO,33337771,,2026-05-04 17:33:17,faceOrFpOrCardOrPw,1,1,,1
Door Unlocked,,,,2026-05-04 17:33:22,,,,,1
Door Locked,,,,2026-05-04 17:35:38,,,,,1
Face Authentication Passed,JUAN FERNANDO ALVAREZ FIGUEROA,71269108,,2026-05-04 17:35:38,faceOrFpOrCardOrPw,1,1,no,1
Door Unlocked,,,,2026-05-04 17:35:43,,,,,1
Door Locked,,,,2026-05-04 17:38:15,,,,,1
Fingerprint Recognition Passed,LENIS JOHANA RAMIREZ MANCO,28384637,,2026-05-04 17:38:15,faceOrFpOrCardOrPw,1,1,,1
Door Unlocked,,,,2026-05-04 17:38:20,,,,,1
Door Locked,,,,2026-05-04 17:39:05,,,,,1
Face Authentication Passed,CAMILA ANDREA CARMONA GIRALDO,8439164,,2026-05-04 17:39:05,faceOrFpOrCardOrPw,1,1,no,1
Door Unlocked,,,,2026-05-04 17:39:10,,,,,1
Door Locked,,,,2026-05-04 17:42:36,,,,,1
Fingerprint Recognition Passed,SANDRA CAROLINA OSORIO SALAZAR,35388650,,2026-05-04 17:42:36,faceOrFpOrCardOrPw,1,1,,1
Door Unlocked,,,,2026-05-04 17:42:41,,,,,1
Door Locked,,,,2026-05-04 17:49:01,,,,,1
Face Authentication Passed,JESSICA SALAZAR CAÑAS,52184530,,2026-05-04 17:49:01,faceOrFpOrCardOrPw,1,1,no,1
Door Unlocked,,,,2026-05-04 17:49:06,,,,,1
Fingerprint Recognition Passed,SONIA FABIELLY RESTREPO RESTREPO,42791615,,2026-05-04 17:50:59,faceOrFpOrCardOrPw,1,1,,1
Door Locked,,,,2026-05-04 18:06:36,,,,,1
Fingerprint Recognition Passed,MARI ANGELA PALACIOS PALACIOS,6816620,,2026-05-04 18:06:36,faceOrFpOrCardOrPw,1,1,,1
Door Unlocked,,,,2026-05-04 18:06:41,,,,,1
Door Locked,,,,2026-05-04 18:06:47,,,,,1
Fingerprint Recognition Passed,JOHAN ALEXIS MEJIA HENAO,17243886,,2026-05-04 18:06:47,faceOrFpOrCardOrPw,1,1,,1
Door Unlocked,,,,2026-05-04 18:06:52,,,,,1
Fingerprint Recognition Failed,,,,2026-05-04 18:08:06,faceOrFpOrCardOrPw,1,1,,1
Fingerprint Recognition Failed,,,,2026-05-04 18:08:10,faceOrFpOrCardOrPw,1,1,,1
Fingerprint Recognition Failed,,,,2026-05-04 18:08:13,faceOrFpOrCardOrPw,1,1,,1
Door Locked,,,,2026-05-04 18:08:20,,,,,1
Fingerprint Recognition Passed,OMAR ENRIQUE OROZCO SIMANCA,65579115,,2026-05-04 18:08:20,faceOrFpOrCardOrPw,1,1,,1
Fingerprint Recognition Passed,JUAN PABLO LOPEZ VASCO,900324,,2026-05-04 18:08:24,faceOrFpOrCardOrPw,1,1,,1
Door Unlocked,,,,2026-05-04 18:08:29,,,,,1
Door Locked,,,,2026-05-04 18:09:05,,,,,1
Fingerprint Recognition Passed,ELIZABETH OSORIO CASTAÑO,37586673,,2026-05-04 18:09:05,faceOrFpOrCardOrPw,1,1,,1
Fingerprint Recognition Passed,EYLER SANTIAGO TABARES MONTEALEGRE,17219543,,2026-05-04 18:09:09,faceOrFpOrCardOrPw,1,1,,1
Door Unlocked,,,,2026-05-04 18:09:15,,,,,1
Door Locked,,,,2026-05-04 18:12:28,,,,,1
Fingerprint Recognition Passed,ELENA MARIA PATIÑO VARÓN,32353781,,2026-05-04 18:12:28,faceOrFpOrCardOrPw,1,1,,1
Door Unlocked,,,,2026-05-04 18:12:33,,,,,1
Fingerprint Recognition Failed,,,,2026-05-04 18:16:39,faceOrFpOrCardOrPw,1,1,,1
Face Authentication Failed,,,,2026-05-04 18:16:42,faceOrFpOrCardOrPw,1,1,no,1
Fingerprint Recognition Passed,DIEGO ANDRES HENAO ROMERO,71337024,,2026-05-04 18:16:45,faceOrFpOrCardOrPw,1,1,,1
Door Locked,,,,2026-05-04 18:16:46,,,,,1
Door Unlocked,,,,2026-05-04 18:16:51,,,,,1
Door Locked,,,,2026-05-04 18:16:59,,,,,1
Fingerprint Recognition Passed,MARIA ROSMIRA RODRIGUEZ BUITRAGO,42995314,,2026-05-04 18:16:59,faceOrFpOrCardOrPw,1,1,,1
Door Unlocked,,,,2026-05-04 18:17:04,,,,,1
Door Locked,,,,2026-05-04 18:31:25,,,,,1
Face Authentication Passed,JHON JAIME RESTREPO RIAZA,71655733,,2026-05-04 18:31:25,faceOrFpOrCardOrPw,1,1,no,1
Face Authentication Passed,JHON JAIME RESTREPO RIAZA,71655733,,2026-05-05 05:10:24,faceOrFpOrCardOrPw,1,1,no,1
Door Locked,,,,2026-05-05 05:10:25,,,,,1
Door Unlocked,,,,2026-05-05 05:10:30,,,,,1
Face Authentication Failed,,,,2026-05-05 06:51:18,faceOrFpOrCardOrPw,1,1,no,1
Door Locked,,,,2026-05-05 06:51:25,,,,,1
Fingerprint Recognition Passed,CARLOS ANDRES OROZCO UPEGUI,3396375,,2026-05-05 06:51:25,faceOrFpOrCardOrPw,1,1,,1
Door Unlocked,,,,2026-05-05 06:51:30,,,,,1
Door Locked,,,,2026-05-05 07:01:47,,,,,1
Face Authentication Passed,ANDRES RESTREPO,1399637,,2026-05-05 07:01:47,faceOrFpOrCardOrPw,1,1,no,1
Door Unlocked,,,,2026-05-05 07:01:52,,,,,1
Fingerprint Recognition Passed,EDIVER GALEANO CARMONA,16725402,,2026-05-05 07:02:29,faceOrFpOrCardOrPw,1,1,,1
Door Locked,,,,2026-05-05 07:02:30,,,,,1
Door Unlocked,,,,2026-05-05 07:02:35,,,,,1
Door Locked,,,,2026-05-05 07:04:15,,,,,1
Fingerprint Recognition Passed,DAVIDSON GALEANO AVENDAÑO,40370997,,2026-05-05 07:04:15,faceOrFpOrCardOrPw,1,1,,1
Face Authentication Passed,JUAN FERNANDO ALVAREZ FIGUEROA,71269108,,2026-05-05 07:04:20,faceOrFpOrCardOrPw,1,1,no,1
Door Unlocked,,,,2026-05-05 07:04:25,,,,,1
Door Locked,,,,2026-05-05 07:06:18,,,,,1
Face Authentication Passed,DUBER ERLEY GIRALDO ZULUAGA,17209957,,2026-05-05 07:06:18,faceOrFpOrCardOrPw,1,1,no,1
Door Unlocked,,,,2026-05-05 07:06:23,,,,,1
Door Locked,,,,2026-05-05 07:06:23,,,,,1
Face Authentication Passed,JOHN ALEXANDER CUADROS SERNA,8126705,,2026-05-05 07:06:23,faceOrFpOrCardOrPw,1,1,no,1
Door Unlocked,,,,2026-05-05 07:06:28,,,,,1
Door Locked,,,,2026-05-05 07:10:16,,,,,1
Fingerprint Recognition Passed,SEBASTIAN PELAEZ ZAPATA,35867201,,2026-05-05 07:10:16,faceOrFpOrCardOrPw,1,1,,1
Door Unlocked,,,,2026-05-05 07:10:21,,,,,1
Door Locked,,,,2026-05-05 07:11:50,,,,,1
Fingerprint Recognition Passed,CLAUDIA PATRICIA ZAPATA SOTO,43738836,,2026-05-05 07:11:50,faceOrFpOrCardOrPw,1,1,,1
Door Unlocked,,,,2026-05-05 07:11:55,,,,,1
Door Locked,,,,2026-05-05 07:12:24,,,,,1
Fingerprint Recognition Passed,LUZ DERLIS ORTEGA GONZALEZ,57292045,,2026-05-05 07:12:24,faceOrFpOrCardOrPw,1,1,,1
Door Unlocked,,,,2026-05-05 07:12:29,,,,,1
Door Locked,,,,2026-05-05 07:12:34,,,,,1
Door Unlocked,,,,2026-05-05 07:19:18,,,,,1
Door Locked,,,,2026-05-05 07:21:43,,,,,1
Fingerprint Recognition Passed,JUAN CAMILO ZAPATA GONZALEZ,42706670,,2026-05-05 07:21:43,faceOrFpOrCardOrPw,1,1,,1
Door Unlocked,,,,2026-05-05 07:21:48,,,,,1
Door Locked,,,,2026-05-05 07:24:31,,,,,1
Fingerprint Recognition Passed,JAQUELINE VALDERRAMA ALVAREZ,4027534,,2026-05-05 07:24:31,faceOrFpOrCardOrPw,1,1,,1
Fingerprint Recognition Passed,KELI JOHANA CARVAJAL DURANGO,52689564,,2026-05-05 07:24:34,faceOrFpOrCardOrPw,1,1,,1
Door Unlocked,,,,2026-05-05 07:24:39,,,,,1
Door Locked,,,,2026-05-05 07:25:04,,,,,1
Fingerprint Recognition Passed,MARIA ALEJANDRA CORTES URIBE,36616702,,2026-05-05 07:25:04,faceOrFpOrCardOrPw,1,1,,1
Door Unlocked,,,,2026-05-05 07:25:09,,,,,1
Door Locked,,,,2026-05-05 07:26:40,,,,,1
Fingerprint Recognition Passed,OSCAR YOVANNY GONZALEZ MUNERA,71214132,,2026-05-05 07:26:40,faceOrFpOrCardOrPw,1,1,,1
Door Unlocked,,,,2026-05-05 07:26:45,,,,,1
Door Locked,,,,2026-05-05 07:27:18,,,,,1
Fingerprint Recognition Passed,DORA LUCIA RICO ARENAS,43876654,,2026-05-05 07:27:18,faceOrFpOrCardOrPw,1,1,,1
Door Unlocked,,,,2026-05-05 07:27:23,,,,,1
Door Locked,,,,2026-05-05 07:28:31,,,,,1
Face Authentication Passed,DANIELA CASTRILLON PULGARIN,17261353,,2026-05-05 07:28:31,faceOrFpOrCardOrPw,1,1,no,1
Door Unlocked,,,,2026-05-05 07:28:36,,,,,1
Face Authentication Failed,,,,2026-05-05 07:31:04,faceOrFpOrCardOrPw,1,1,no,1
Face Authentication Failed,,,,2026-05-05 07:31:07,faceOrFpOrCardOrPw,1,1,no,1
Fingerprint Recognition Passed,MAURICIO MURILLO FONNEGRA,98494133,,2026-05-05 07:31:10,faceOrFpOrCardOrPw,1,1,,1
Door Locked,,,,2026-05-05 07:31:11,,,,,1
Door Unlocked,,,,2026-05-05 07:31:16,,,,,1
Door Locked,,,,2026-05-05 07:35:27,,,,,1
Fingerprint Recognition Passed,ELENA MARIA PATIÑO VARÓN,32353781,,2026-05-05 07:35:27,faceOrFpOrCardOrPw,1,1,,1
Door Unlocked,,,,2026-05-05 07:35:32,,,,,1
Fingerprint Recognition Failed,,,,2026-05-05 07:42:39,faceOrFpOrCardOrPw,1,1,,1
Door Locked,,,,2026-05-05 07:42:43,,,,,1
Fingerprint Recognition Passed,WILDER SANTIAGO MEJIA ALVAREZ,20489034,,2026-05-05 07:58:27,faceOrFpOrCardOrPw,1,1,,1
Door Unlocked,,,,2026-05-05 07:58:32,,,,,1
Door Locked,,,,2026-05-05 08:06:07,,,,,1
Fingerprint Recognition Passed,SONIA FABIELLY RESTREPO RESTREPO,42791615,,2026-05-05 08:06:07,faceOrFpOrCardOrPw,1,1,,1
Door Unlocked,,,,2026-05-05 08:06:12,,,,,1
Door Locked,,,,2026-05-05 08:19:20,,,,,1
Fingerprint Recognition Passed,JUAN CAMILO GIRALDO TORRES,887772,,2026-05-05 08:19:20,faceOrFpOrCardOrPw,1,1,,1
Door Unlocked,,,,2026-05-05 08:19:25,,,,,1
Door Locked,,,,2026-05-05 08:20:53,,,,,1
Fingerprint Recognition Passed,DIEGO ANDRES HENAO ROMERO,71337024,,2026-05-05 08:20:53,faceOrFpOrCardOrPw,1,1,,1
Door Unlocked,,,,2026-05-05 08:20:58,,,,,1
Door Locked,,,,2026-05-05 08:23:29,,,,,1
Fingerprint Recognition Passed,ELIZABETH OSORIO CASTAÑO,37586673,,2026-05-05 08:23:29,faceOrFpOrCardOrPw,1,1,,1
Door Unlocked,,,,2026-05-05 08:23:34,,,,,1
Door Locked,,,,2026-05-05 08:26:44,,,,,1
Fingerprint Recognition Passed,OMAR ENRIQUE OROZCO SIMANCA,65579115,,2026-05-05 08:26:44,faceOrFpOrCardOrPw,1,1,,1
Door Unlocked,,,,2026-05-05 08:26:49,,,,,1
Door Locked,,,,2026-05-05 08:26:50,,,,,1
Fingerprint Recognition Passed,CARLOS ALARCON GOMEZ,71716731,,2026-05-05 08:26:50,faceOrFpOrCardOrPw,1,1,,1
Door Unlocked,,,,2026-05-05 08:26:55,,,,,1
Door Locked,,,,2026-05-05 08:26:56,,,,,1
Fingerprint Recognition Passed,JUAN PABLO LOPEZ VASCO,900324,,2026-05-05 08:26:56,faceOrFpOrCardOrPw,1,1,,1
Door Unlocked,,,,2026-05-05 08:27:01,,,,,1
Door Locked,,,,2026-05-05 08:27:07,,,,,1
Fingerprint Recognition Passed,MARI ANGELA PALACIOS PALACIOS,6816620,,2026-05-05 08:27:07,faceOrFpOrCardOrPw,1,1,,1
Door Unlocked,,,,2026-05-05 08:27:12,,,,,1
Door Locked,,,,2026-05-05 08:27:14,,,,,1
Fingerprint Recognition Passed,JOHAN ALEXIS MEJIA HENAO,17243886,,2026-05-05 08:27:14,faceOrFpOrCardOrPw,1,1,,1
Door Unlocked,,,,2026-05-05 08:27:19,,,,,1
Door Locked,,,,2026-05-05 08:27:51,,,,,1
Door Locked,,,,2026-05-05 12:30:16,,,,,1
Fingerprint Recognition Passed,KELI JOHANA CARVAJAL DURANGO,52689564,,2026-05-05 12:30:16,faceOrFpOrCardOrPw,1,1,,1
Door Unlocked,,,,2026-05-05 12:30:21,,,,,1
Door Locked,,,,2026-05-05 12:30:43,,,,,1
Fingerprint Recognition Passed,DAVIDSON GALEANO AVENDAÑO,40370997,,2026-05-05 12:30:43,faceOrFpOrCardOrPw,1,1,,1
Door Unlocked,,,,2026-05-05 12:30:48,,,,,1
Door Locked,,,,2026-05-05 12:33:09,,,,,1
Face Authentication Passed,LEIDY JOHANA LONDONO VALENCIA,93514952,,2026-05-05 12:33:09,faceOrFpOrCardOrPw,1,1,no,1
Door Unlocked,,,,2026-05-05 12:33:14,,,,,1
Door Locked,,,,2026-05-05 12:33:32,,,,,1
Fingerprint Recognition Passed,JUAN PABLO LOPEZ VASCO,900324,,2026-05-05 12:33:32,faceOrFpOrCardOrPw,1,1,,1
Door Unlocked,,,,2026-05-05 12:33:37,,,,,1
Door Locked,,,,2026-05-05 12:33:40,,,,,1
Fingerprint Recognition Passed,NUBIA ELENA BEDOYA CARO,42787291,,2026-05-05 12:33:40,faceOrFpOrCardOrPw,1,1,,1
Door Unlocked,,,,2026-05-05 12:33:45,,,,,1
Door Locked,,,,2026-05-05 12:33:47,,,,,1
Fingerprint Recognition Passed,DIEGO ANDRES HENAO ROMERO,71337024,,2026-05-05 12:33:47,faceOrFpOrCardOrPw,1,1,,1
Door Unlocked,,,,2026-05-05 12:33:52,,,,,1
Door Locked,,,,2026-05-05 12:38:18,,,,,1
Fingerprint Recognition Passed,MARI ANGELA PALACIOS PALACIOS,6816620,,2026-05-05 12:38:18,faceOrFpOrCardOrPw,1,1,,1
Door Unlocked,,,,2026-05-05 12:38:23,,,,,1
Door Locked,,,,2026-05-05 12:40:47,,,,,1
Face Authentication Passed,ANDRES RESTREPO,1399637,,2026-05-05 12:40:47,faceOrFpOrCardOrPw,1,1,no,1
Door Unlocked,,,,2026-05-05 12:40:52,,,,,1
Door Locked,,,,2026-05-05 12:40:53,,,,,1
Fingerprint Recognition Passed,OSCAR YOVANNY GONZALEZ MUNERA,71214132,,2026-05-05 12:40:53,faceOrFpOrCardOrPw,1,1,,1
Fingerprint Recognition Passed,MARIA ALEJANDRA CORTES URIBE,36616702,,2026-05-05 12:40:57,faceOrFpOrCardOrPw,1,1,,1
Door Unlocked,,,,2026-05-05 12:41:02,,,,,1
Door Locked,,,,2026-05-05 12:43:45,,,,,1
Face Authentication Passed,PAULA ANDREA URIBE VARGAS,32244015,,2026-05-05 12:43:45,faceOrFpOrCardOrPw,1,1,no,1
Door Locked,,,,2026-05-05 13:16:39,,,,,1
Face Authentication Passed,DANIELA CASTRILLON PULGARIN,17261353,,2026-05-05 13:16:39,faceOrFpOrCardOrPw,1,1,no,1
Door Unlocked,,,,2026-05-05 13:16:44,,,,,1
Door Locked,,,,2026-05-05 13:17:00,,,,,1
Fingerprint Recognition Passed,DAVIDSON GALEANO AVENDAÑO,40370997,,2026-05-05 13:17:00,faceOrFpOrCardOrPw,1,1,,1
Door Unlocked,,,,2026-05-05 13:17:05,,,,,1
Door Locked,,,,2026-05-05 13:17:27,,,,,1
Face Authentication Passed,LEIDY JOHANA LONDONO VALENCIA,93514952,,2026-05-05 13:17:27,faceOrFpOrCardOrPw,1,1,no,1
Door Unlocked,,,,2026-05-05 13:17:32,,,,,1
Door Locked,,,,2026-05-05 13:18:53,,,,,1
Fingerprint Recognition Passed,JHONATHAN ESTIVENSON URAN SERNA,28398370,,2026-05-05 13:18:53,faceOrFpOrCardOrPw,1,1,,1
Door Unlocked,,,,2026-05-05 13:18:58,,,,,1
Door Locked,,,,2026-05-05 13:19:37,,,,,1
Fingerprint Recognition Passed,SANDRA CAROLINA OSORIO SALAZAR,35388650,,2026-05-05 13:19:37,faceOrFpOrCardOrPw,1,1,,1
Door Unlocked,,,,2026-05-05 13:19:42,,,,,1
Door Locked,,,,2026-05-05 13:19:43,,,,,1
Face Authentication Passed,BAIRON NICOLAS CALLE RIVERA,40367273,,2026-05-05 13:19:43,faceOrFpOrCardOrPw,1,1,no,1
Door Unlocked,,,,2026-05-05 13:19:48,,,,,1
Door Locked,,,,2026-05-05 13:19:54,,,,,1
Fingerprint Recognition Passed,DORA LUCIA RICO ARENAS,43876654,,2026-05-05 13:19:54,faceOrFpOrCardOrPw,1,1,,1
Door Unlocked,,,,2026-05-05 13:19:59,,,,,1
Door Locked,,,,2026-05-05 13:20:04,,,,,1
Fingerprint Recognition Passed,OSCAR YOVANNY GONZALEZ MUNERA,71214132,,2026-05-05 13:20:04,faceOrFpOrCardOrPw,1,1,,1
Door Unlocked,,,,2026-05-05 13:20:09,,,,,1
Door Locked,,,,2026-05-05 13:20:11,,,,,1
Fingerprint Recognition Passed,JUAN PABLO LOPEZ VASCO,900324,,2026-05-05 13:20:11,faceOrFpOrCardOrPw,1,1,,1
Door Unlocked,,,,2026-05-05 13:20:16,,,,,1
Door Locked,,,,2026-05-05 13:21:12,,,,,1
Face Authentication Passed,ANDRES RESTREPO,1399637,,2026-05-05 13:21:12,faceOrFpOrCardOrPw,1,1,no,1
Door Unlocked,,,,2026-05-05 13:21:17,,,,,1
Door Unlocked,,,,2026-05-05 13:34:16,,,,,1
Door Locked,,,,2026-05-05 13:34:35,,,,,1
Face Authentication Passed,JERALDINE GARCIA CASTAÑO,0442978,,2026-05-05 13:34:35,faceOrFpOrCardOrPw,1,1,no,1
Door Unlocked,,,,2026-05-05 13:34:40,,,,,1
Door Locked,,,,2026-05-05 13:40:33,,,,,1
Fingerprint Recognition Passed,JUAN CAMILO ZAPATA GONZALEZ,42706670,,2026-05-05 13:40:33,faceOrFpOrCardOrPw,1,1,,1
Door Unlocked,,,,2026-05-05 13:40:38,,,,,1
Fingerprint Recognition Passed,CLAUDIA PATRICIA ZAPATA SOTO,43738836,,2026-05-05 13:47:55,faceOrFpOrCardOrPw,1,1,,1
Door Locked,,,,2026-05-05 13:47:56,,,,,1
Door Unlocked,,,,2026-05-05 13:48:00,,,,,1
Door Locked,,,,2026-05-05 13:59:31,,,,,1
Fingerprint Recognition Passed,ANDRES FELIPE AGUIRRE MARIN,70422459,,2026-05-05 13:59:31,faceOrFpOrCardOrPw,1,1,,1
Door Unlocked,,,,2026-05-05 13:59:36,,,,,1
Door Locked,,,,2026-05-05 14:01:29,,,,,1
Fingerprint Recognition Passed,DORA LUCIA RICO ARENAS,43876654,,2026-05-05 14:01:29,faceOrFpOrCardOrPw,1,1,,1
Door Unlocked,,,,2026-05-05 14:01:34,,,,,1
Face Authentication Passed,BAIRON NICOLAS CALLE RIVERA,40367273,,2026-05-05 14:05:06,faceOrFpOrCardOrPw,1,1,no,1
Door Locked,,,,2026-05-05 14:05:07,,,,,1
Door Unlocked,,,,2026-05-05 14:05:12,,,,,1
Door Locked,,,,2026-05-05 14:06:51,,,,,1
Fingerprint Recognition Passed,JAQUELINE VALDERRAMA ALVAREZ,4027534,,2026-05-05 14:06:51,faceOrFpOrCardOrPw,1,1,,1
Fingerprint Recognition Passed,JHONATHAN ESTIVENSON URAN SERNA,28398370,,2026-05-05 14:06:53,faceOrFpOrCardOrPw,1,1,,1
Door Unlocked,,,,2026-05-05 14:06:58,,,,,1
Door Locked,,,,2026-05-05 14:10:47,,,,,1
Fingerprint Recognition Passed,SANDRA CAROLINA OSORIO SALAZAR,35388650,,2026-05-05 14:10:47,faceOrFpOrCardOrPw,1,1,,1
Door Unlocked,,,,2026-05-05 14:10:52,,,,,1
Door Locked,,,,2026-05-05 14:11:08,,,,,1
Fingerprint Recognition Passed,ELENA MARIA PATIÑO VARÓN,32353781,,2026-05-05 14:11:08,faceOrFpOrCardOrPw,1,1,,1
Door Unlocked,,,,2026-05-05 14:11:13,,,,,1
Door Locked,,,,2026-05-05 14:15:11,,,,,1
Face Authentication Passed,JESSICA SALAZAR CAÑAS,52184530,,2026-05-05 16:07:22,faceOrFpOrCardOrPw,1,1,no,1
Door Unlocked,,,,2026-05-05 16:07:27,,,,,1
Door Locked,,,,2026-05-05 17:03:01,,,,,1
Fingerprint Recognition Passed,DAVIDSON GALEANO AVENDAÑO,40370997,,2026-05-05 17:03:01,faceOrFpOrCardOrPw,1,1,,1
Door Unlocked,,,,2026-05-05 17:03:06,,,,,1
Door Locked,,,,2026-05-05 17:03:22,,,,,1
Fingerprint Recognition Passed,ANDRES FELIPE AGUIRRE MARIN,70422459,,2026-05-05 17:03:22,faceOrFpOrCardOrPw,1,1,,1
Door Unlocked,,,,2026-05-05 17:03:27,,,,,1
Door Locked,,,,2026-05-05 17:04:47,,,,,1
Fingerprint Recognition Passed,PAULA ANDREA URIBE VARGAS,32244015,,2026-05-05 17:04:47,faceOrFpOrCardOrPw,1,1,,1
Door Unlocked,,,,2026-05-05 17:04:52,,,,,1
Door Locked,,,,2026-05-05 17:05:14,,,,,1
Face Authentication Passed,DANIELA CASTRILLON PULGARIN,17261353,,2026-05-05 17:05:14,faceOrFpOrCardOrPw,1,1,no,1
Door Unlocked,,,,2026-05-05 17:05:19,,,,,1
Door Locked,,,,2026-05-05 17:05:21,,,,,1
Fingerprint Recognition Passed,MARIA ALEJANDRA CORTES URIBE,36616702,,2026-05-05 17:05:21,faceOrFpOrCardOrPw,1,1,,1
Fingerprint Recognition Passed,KELI JOHANA CARVAJAL DURANGO,52689564,,2026-05-05 17:05:25,faceOrFpOrCardOrPw,1,1,,1
Door Unlocked,,,,2026-05-05 17:05:30,,,,,1
Door Locked,,,,2026-05-05 17:06:00,,,,,1
Fingerprint Recognition Passed,JAQUELINE VALDERRAMA ALVAREZ,4027534,,2026-05-05 17:06:00,faceOrFpOrCardOrPw,1,1,,1
Door Unlocked,,,,2026-05-05 17:06:05,,,,,1
Door Locked,,,,2026-05-05 17:06:12,,,,,1
Face Authentication Passed,BAIRON NICOLAS CALLE RIVERA,40367273,,2026-05-05 17:06:12,faceOrFpOrCardOrPw,1,1,no,1
Door Unlocked,,,,2026-05-05 17:06:17,,,,,1
Door Locked,,,,2026-05-05 17:07:10,,,,,1
Face Authentication Passed,ANDRES RESTREPO,1399637,,2026-05-05 17:07:10,faceOrFpOrCardOrPw,1,1,no,1
Door Unlocked,,,,2026-05-05 17:07:15,,,,,1
Door Locked,,,,2026-05-05 17:09:45,,,,,1
Fingerprint Recognition Passed,JHONATHAN ESTIVENSON URAN SERNA,28398370,,2026-05-05 17:09:45,faceOrFpOrCardOrPw,1,1,,1
Door Unlocked,,,,2026-05-05 17:09:50,,,,,1
Door Unlocked,,,,2026-05-05 17:22:30,,,,,1
Door Locked,,,,2026-05-05 17:34:56,,,,,1
Fingerprint Recognition Passed,WILDER SANTIAGO MEJIA ALVAREZ,20489034,,2026-05-05 17:34:56,faceOrFpOrCardOrPw,1,1,,1
Door Unlocked,,,,2026-05-05 17:35:01,,,,,1
Fingerprint Recognition Passed,HAILER ARTURO MONTOYA CANO,33337771,,2026-05-05 17:37:38,faceOrFpOrCardOrPw,1,1,,1
Door Locked,,,,2026-05-05 17:37:39,,,,,1
Face Authentication Passed,CAMILA ANDREA CARMONA GIRALDO,8439164,,2026-05-05 17:37:42,faceOrFpOrCardOrPw,1,1,no,1
Door Unlocked,,,,2026-05-05 17:37:47,,,,,1
Door Locked,,,,2026-05-05 17:47:07,,,,,1
Fingerprint Recognition Passed,ELENA MARIA PATIÑO VARÓN,32353781,,2026-05-05 17:47:07,faceOrFpOrCardOrPw,1,1,,1
Door Unlocked,,,,2026-05-05 17:47:12,,,,,1
Door Locked,,,,2026-05-05 17:48:27,,,,,1
Fingerprint Recognition Passed,SANDRA CAROLINA OSORIO SALAZAR,35388650,,2026-05-05 17:48:27,faceOrFpOrCardOrPw,1,1,,1
Door Unlocked,,,,2026-05-05 17:48:32,,,,,1
Door Locked,,,,2026-05-05 17:57:23,,,,,1
Face Authentication Passed,JESSICA SALAZAR CAÑAS,52184530,,2026-05-05 17:57:23,faceOrFpOrCardOrPw,1,1,no,1
Door Unlocked,,,,2026-05-05 17:57:28,,,,,1
Door Locked,,,,2026-05-05 17:57:48,,,,,1
Face Authentication Passed,LEIDY JOHANA LONDONO VALENCIA,93514952,,2026-05-05 17:57:48,faceOrFpOrCardOrPw,1,1,no,1
Door Unlocked,,,,2026-05-05 17:57:53,,,,,1
Door Locked,,,,2026-05-05 18:07:03,,,,,1
Fingerprint Recognition Passed,OMAR ENRIQUE OROZCO SIMANCA,65579115,,2026-05-05 18:07:03,faceOrFpOrCardOrPw,1,1,,1
Door Unlocked,,,,2026-05-05 18:07:08,,,,,1
Fingerprint Recognition Failed,,,,2026-05-05 18:07:14,faceOrFpOrCardOrPw,1,1,,1
Door Locked,,,,2026-05-05 18:07:16,,,,,1
Fingerprint Recognition Passed,EYLER SANTIAGO TABARES MONTEALEGRE,17219543,,2026-05-05 18:07:16,faceOrFpOrCardOrPw,1,1,,1
Door Unlocked,,,,2026-05-05 18:07:21,,,,,1
Door Locked,,,,2026-05-05 18:07:52,,,,,1
Fingerprint Recognition Passed,MARI ANGELA PALACIOS PALACIOS,6816620,,2026-05-05 18:07:52,faceOrFpOrCardOrPw,1,1,,1
Door Unlocked,,,,2026-05-05 18:07:57,,,,,1
Door Locked,,,,2026-05-05 18:08:44,,,,,1
Fingerprint Recognition Passed,SONIA FABIELLY RESTREPO RESTREPO,42791615,,2026-05-05 18:08:44,faceOrFpOrCardOrPw,1,1,,1
Door Unlocked,,,,2026-05-05 18:08:49,,,,,1
Door Locked,,,,2026-05-05 18:09:09,,,,,1
Fingerprint Recognition Passed,JOHAN ALEXIS MEJIA HENAO,17243886,,2026-05-05 18:09:09,faceOrFpOrCardOrPw,1,1,,1
Door Unlocked,,,,2026-05-05 18:09:15,,,,,1
Door Locked,,,,2026-05-05 18:09:26,,,,,1
Fingerprint Recognition Passed,JUAN PABLO LOPEZ VASCO,900324,,2026-05-05 18:09:26,faceOrFpOrCardOrPw,1,1,,1
Door Unlocked,,,,2026-05-05 18:09:31,,,,,1
Door Locked,,,,2026-05-05 18:09:58,,,,,1
Face Authentication Passed,JHON JAIME RESTREPO RIAZA,71655733,,2026-05-05 18:09:58,faceOrFpOrCardOrPw,1,1,no,1
Door Unlocked,,,,2026-05-05 18:10:03,,,,,1
Door Locked,,,,2026-05-05 18:10:20,,,,,1
Fingerprint Recognition Passed,ELIZABETH OSORIO CASTAÑO,37586673,,2026-05-05 18:10:20,faceOrFpOrCardOrPw,1,1,,1
Door Unlocked,,,,2026-05-05 18:10:25,,,,,1
Fingerprint Recognition Failed,,,,2026-05-05 18:10:27,faceOrFpOrCardOrPw,1,1,,1
Door Locked,,,,2026-05-05 18:10:30,,,,,1
Fingerprint Recognition Passed,DIEGO ANDRES HENAO ROMERO,71337024,,2026-05-05 18:10:30,faceOrFpOrCardOrPw,1,1,,1
Door Unlocked,,,,2026-05-05 18:10:35,,,,,1
Fingerprint Recognition Failed,,,,2026-05-05 18:11:22,faceOrFpOrCardOrPw,1,1,,1
Door Locked,,,,2026-05-06 05:12:32,,,,,1
Face Authentication Passed,JHON JAIME RESTREPO RIAZA,71655733,,2026-05-06 05:12:32,faceOrFpOrCardOrPw,1,1,no,1
Door Unlocked,,,,2026-05-06 05:12:37,,,,,1
Door Locked,,,,2026-05-06 06:25:17,,,,,1
Face Authentication Passed,DUBER ERLEY GIRALDO ZULUAGA,17209957,,2026-05-06 06:25:17,faceOrFpOrCardOrPw,1,1,no,1
Door Unlocked,,,,2026-05-06 06:25:22,,,,,1
Door Locked,,,,2026-05-06 06:53:30,,,,,1
Fingerprint Recognition Passed,CARLOS ANDRES OROZCO UPEGUI,3396375,,2026-05-06 06:53:30,faceOrFpOrCardOrPw,1,1,,1
Door Unlocked,,,,2026-05-06 06:53:35,,,,,1
Door Locked,,,,2026-05-06 06:58:40,,,,,1
Fingerprint Recognition Passed,JORGE WILLIAM PEREZ GIL,71798259,,2026-05-06 06:58:40,faceOrFpOrCardOrPw,1,1,,1
Door Unlocked,,,,2026-05-06 06:58:45,,,,,1
Door Locked,,,,2026-05-06 07:12:07,,,,,1
Face Authentication Passed,PAULA ANDREA URIBE VARGAS,32244015,,2026-05-06 07:12:07,faceOrFpOrCardOrPw,1,1,no,1
Door Unlocked,,,,2026-05-06 07:12:12,,,,,1
Door Locked,,,,2026-05-06 07:14:00,,,,,1
Fingerprint Recognition Passed,DAVIDSON GALEANO AVENDAÑO,40370997,,2026-05-06 07:14:00,faceOrFpOrCardOrPw,1,1,,1
Door Unlocked,,,,2026-05-06 07:14:05,,,,,1
Door Locked,,,,2026-05-06 07:14:08,,,,,1
Face Authentication Passed,YONATAN OLIVEROS CUADROS,28454075,,2026-05-06 07:14:08,faceOrFpOrCardOrPw,1,1,no,1
Door Unlocked,,,,2026-05-06 07:14:13,,,,,1
Door Locked,,,,2026-05-06 07:14:33,,,,,1
Face Authentication Passed,ANDRES RESTREPO,1399637,,2026-05-06 07:14:33,faceOrFpOrCardOrPw,1,1,no,1
Door Unlocked,,,,2026-05-06 07:14:38,,,,,1
Door Locked,,,,2026-05-06 07:16:05,,,,,1
Fingerprint Recognition Passed,EDIVER GALEANO CARMONA,16725402,,2026-05-06 07:16:05,faceOrFpOrCardOrPw,1,1,,1
Door Unlocked,,,,2026-05-06 07:16:10,,,,,1
Door Locked,,,,2026-05-06 07:16:31,,,,,1
Fingerprint Recognition Passed,JUAN CAMILO ZAPATA GONZALEZ,42706670,,2026-05-06 07:16:31,faceOrFpOrCardOrPw,1,1,,1
Door Unlocked,,,,2026-05-06 07:16:36,,,,,1
Door Locked,,,,2026-05-06 07:16:47,,,,,1
Fingerprint Recognition Passed,ANDRES FELIPE AGUIRRE MARIN,70422459,,2026-05-06 07:16:47,faceOrFpOrCardOrPw,1,1,,1
Door Unlocked,,,,2026-05-06 07:16:52,,,,,1
Door Unlocked,,,,2026-05-06 07:23:34,,,,,1
Door Locked,,,,2026-05-06 07:23:41,,,,,1
Face Authentication Passed,BAIRON NICOLAS CALLE RIVERA,40367273,,2026-05-06 07:23:41,faceOrFpOrCardOrPw,1,1,no,1
Door Unlocked,,,,2026-05-06 07:23:46,,,,,1
Face Authentication Passed,DANIELA CASTRILLON PULGARIN,17261353,,2026-05-06 07:25:01,faceOrFpOrCardOrPw,1,1,no,1
Door Locked,,,,2026-05-06 07:25:02,,,,,1
Door Unlocked,,,,2026-05-06 07:25:07,,,,,1
Door Locked,,,,2026-05-06 07:25:23,,,,,1
Fingerprint Recognition Passed,KELI JOHANA CARVAJAL DURANGO,52689564,,2026-05-06 07:25:23,faceOrFpOrCardOrPw,1,1,,1
Door Unlocked,,,,2026-05-06 07:25:28,,,,,1
Door Locked,,,,2026-05-06 07:25:31,,,,,1
Face Authentication Passed,JOHN ALEXANDER CUADROS SERNA,8126705,,2026-05-06 07:25:31,faceOrFpOrCardOrPw,1,1,no,1
Door Unlocked,,,,2026-05-06 07:25:36,,,,,1
Door Locked,,,,2026-05-06 07:26:06,,,,,1
Fingerprint Recognition Passed,JHONATAN ANDRES ACOSTA ECHAVARRIA,20412293,,2026-05-06 07:26:06,faceOrFpOrCardOrPw,1,1,,1
Door Unlocked,,,,2026-05-06 07:26:11,,,,,1
Fingerprint Recognition Failed,,,,2026-05-06 07:26:23,faceOrFpOrCardOrPw,1,1,,1
Door Locked,,,,2026-05-06 07:26:26,,,,,1
Fingerprint Recognition Passed,JAQUELINE VALDERRAMA ALVAREZ,4027534,,2026-05-06 07:26:26,faceOrFpOrCardOrPw,1,1,,1
Fingerprint Recognition Passed,ANA MARIA LOPEZ RUIZ,43865704,,2026-05-06 07:26:31,faceOrFpOrCardOrPw,1,1,,1
Door Unlocked,,,,2026-05-06 07:26:36,,,,,1
Door Locked,,,,2026-05-06 07:27:23,,,,,1
Fingerprint Recognition Passed,CLAUDIA PATRICIA ZAPATA SOTO,43738836,,2026-05-06 07:27:23,faceOrFpOrCardOrPw,1,1,,1
Door Unlocked,,,,2026-05-06 07:27:28,,,,,1
Fingerprint Recognition Passed,ANDRES FELIPE GIRALDO ARISMENDY,35427471,,2026-05-06 07:27:48,faceOrFpOrCardOrPw,1,1,,1
Door Locked,,,,2026-05-06 07:27:49,,,,,1
Door Unlocked,,,,2026-05-06 07:27:54,,,,,1
Door Locked,,,,2026-05-06 07:28:32,,,,,1
Fingerprint Recognition Passed,ESTEFANIA GOMEZ ARENAS,28478853,,2026-05-06 07:28:32,faceOrFpOrCardOrPw,1,1,,1
Fingerprint Recognition Failed,,,,2026-05-06 07:28:36,faceOrFpOrCardOrPw,1,1,,1
Face Authentication Failed,,,,2026-05-06 07:55:43,faceOrFpOrCardOrPw,1,1,no,1
Fingerprint Recognition Failed,,,,2026-05-06 07:55:47,faceOrFpOrCardOrPw,1,1,,1
Door Locked,,,,2026-05-06 07:55:50,,,,,1
Fingerprint Recognition Passed,MAURICIO MURILLO FONNEGRA,98494133,,2026-05-06 07:55:50,faceOrFpOrCardOrPw,1,1,,1
Door Unlocked,,,,2026-05-06 07:55:55,,,,,1
Fingerprint Recognition Failed,,,,2026-05-06 07:56:13,faceOrFpOrCardOrPw,1,1,,1
Door Locked,,,,2026-05-06 07:56:15,,,,,1
Fingerprint Recognition Passed,WILDER SANTIAGO MEJIA ALVAREZ,20489034,,2026-05-06 07:56:15,faceOrFpOrCardOrPw,1,1,,1
Door Unlocked,,,,2026-05-06 07:56:20,,,,,1
Door Locked,,,,2026-05-06 07:56:50,,,,,1
Fingerprint Recognition Passed,HAILER ARTURO MONTOYA CANO,33337771,,2026-05-06 07:56:50,faceOrFpOrCardOrPw,1,1,,1
Face Authentication Passed,JESSICA SALAZAR CAÑAS,52184530,,2026-05-06 07:56:55,faceOrFpOrCardOrPw,1,1,no,1
Door Unlocked,,,,2026-05-06 07:57:00,,,,,1
Door Locked,,,,2026-05-06 07:57:21,,,,,1
Face Authentication Passed,CAMILA ANDREA CARMONA GIRALDO,8439164,,2026-05-06 07:57:21,faceOrFpOrCardOrPw,1,1,no,1
Door Unlocked,,,,2026-05-06 07:57:26,,,,,1
Door Locked,,,,2026-05-06 08:00:39,,,,,1
Face Authentication Passed,LEIDY JOHANA LONDONO VALENCIA,93514952,,2026-05-06 08:00:39,faceOrFpOrCardOrPw,1,1,no,1
Door Unlocked,,,,2026-05-06 08:00:44,,,,,1
Door Locked,,,,2026-05-06 08:01:35,,,,,1
Fingerprint Recognition Passed,MARIA ROSMIRA RODRIGUEZ BUITRAGO,42995314,,2026-05-06 08:01:35,faceOrFpOrCardOrPw,1,1,,1
Door Unlocked,,,,2026-05-06 08:01:40,,,,,1
Door Locked,,,,2026-05-06 08:09:25,,,,,1
Fingerprint Recognition Passed,JHONATHAN ESTIVENSON URAN SERNA,28398370,,2026-05-06 08:09:25,faceOrFpOrCardOrPw,1,1,,1
Door Unlocked,,,,2026-05-06 08:09:30,,,,,1
Door Locked,,,,2026-05-06 08:19:10,,,,,1
Fingerprint Recognition Passed,CARLOS ALARCON GOMEZ,71716731,,2026-05-06 08:19:10,faceOrFpOrCardOrPw,1,1,,1
Door Unlocked,,,,2026-05-06 08:19:15,,,,,1
Door Locked,,,,2026-05-06 08:20:10,,,,,1
Fingerprint Recognition Passed,JUAN CAMILO GIRALDO TORRES,887772,,2026-05-06 08:20:10,faceOrFpOrCardOrPw,1,1,,1
Fingerprint Recognition Passed,JUAN PABLO LOPEZ VASCO,900324,,2026-05-06 08:30:58,faceOrFpOrCardOrPw,1,1,,1
Door Unlocked,,,,2026-05-06 08:31:03,,,,,1
Door Locked,,,,2026-05-06 10:21:02,,,,,1
Face Authentication Passed,ANDRES RESTREPO,1399637,,2026-05-06 10:21:02,faceOrFpOrCardOrPw,1,1,no,1
Door Unlocked,,,,2026-05-06 10:21:07,,,,,1
Door Locked,,,,2026-05-06 11:45:23,,,,,1
Fingerprint Recognition Passed,KELI JOHANA CARVAJAL DURANGO,52689564,,2026-05-06 11:45:23,faceOrFpOrCardOrPw,1,1,,1
Door Unlocked,,,,2026-05-06 11:45:28,,,,,1
Door Locked,,,,2026-05-06 11:45:59,,,,,1
Fingerprint Recognition Passed,MARI ANGELA PALACIOS PALACIOS,6816620,,2026-05-06 11:45:59,faceOrFpOrCardOrPw,1,1,,1
Door Unlocked,,,,2026-05-06 11:46:04,,,,,1
Door Locked,,,,2026-05-06 11:58:06,,,,,1
Fingerprint Recognition Passed,NUBIA ELENA BEDOYA CARO,42787291,,2026-05-06 11:58:06,faceOrFpOrCardOrPw,1,1,,1
Door Unlocked,,,,2026-05-06 11:58:11,,,,,1
Door Locked,,,,2026-05-06 12:30:02,,,,,1
Fingerprint Recognition Passed,JOHAN ALEXIS MEJIA HENAO,17243886,,2026-05-06 12:30:02,faceOrFpOrCardOrPw,1,1,,1
Door Unlocked,,,,2026-05-06 12:30:06,,,,,1
Face Authentication Passed,JUAN FERNANDO ALVAREZ FIGUEROA,71269108,,2026-05-06 12:30:43,faceOrFpOrCardOrPw,1,1,no,1
Door Locked,,,,2026-05-06 12:30:44,,,,,1
Door Unlocked,,,,2026-05-06 12:30:49,,,,,1
Door Locked,,,,2026-05-06 12:31:03,,,,,1
Face Authentication Passed,LEIDY JOHANA LONDONO VALENCIA,93514952,,2026-05-06 12:31:03,faceOrFpOrCardOrPw,1,1,no,1
Door Unlocked,,,,2026-05-06 12:31:08,,,,,1
Door Locked,,,,2026-05-06 12:31:49,,,,,1
Fingerprint Recognition Passed,MARIA ALEJANDRA CORTES URIBE,36616702,,2026-05-06 12:31:49,faceOrFpOrCardOrPw,1,1,,1
Door Unlocked,,,,2026-05-06 12:31:54,,,,,1
Door Locked,,,,2026-05-06 12:32:52,,,,,1
Fingerprint Recognition Passed,OSCAR YOVANNY GONZALEZ MUNERA,71214132,,2026-05-06 12:32:52,faceOrFpOrCardOrPw,1,1,,1
Door Unlocked,,,,2026-05-06 12:32:57,,,,,1
Door Locked,,,,2026-05-06 12:33:06,,,,,1
Fingerprint Recognition Passed,KELI JOHANA CARVAJAL DURANGO,52689564,,2026-05-06 12:33:06,faceOrFpOrCardOrPw,1,1,,1
Door Unlocked,,,,2026-05-06 12:33:11,,,,,1
Fingerprint Recognition Failed,,,,2026-05-06 12:33:13,faceOrFpOrCardOrPw,1,1,,1
Door Locked,,,,2026-05-06 12:33:17,,,,,1
Fingerprint Recognition Passed,DAVIDSON GALEANO AVENDAÑO,40370997,,2026-05-06 12:33:17,faceOrFpOrCardOrPw,1,1,,1
Door Unlocked,,,,2026-05-06 12:33:22,,,,,1
Door Locked,,,,2026-05-06 12:37:37,,,,,1
Fingerprint Recognition Passed,NUBIA ELENA BEDOYA CARO,42787291,,2026-05-06 12:37:37,faceOrFpOrCardOrPw,1,1,,1
Door Unlocked,,,,2026-05-06 12:37:42,,,,,1
Door Locked,,,,2026-05-06 12:41:13,,,,,1
Face Authentication Passed,ANDRES RESTREPO,1399637,,2026-05-06 12:41:13,faceOrFpOrCardOrPw,1,1,no,1
Face Authentication Passed,PAULA ANDREA URIBE VARGAS,32244015,,2026-05-06 12:41:16,faceOrFpOrCardOrPw,1,1,no,1
Door Unlocked,,,,2026-05-06 12:41:21,,,,,1
Door Locked,,,,2026-05-06 12:45:24,,,,,1
Door Locked,,,,2026-05-06 13:18:53,,,,,1
Fingerprint Recognition Passed,DIEGO ANDRES HENAO ROMERO,71337024,,2026-05-06 13:18:53,faceOrFpOrCardOrPw,1,1,,1
Door Unlocked,,,,2026-05-06 13:18:58,,,,,1
Door Locked,,,,2026-05-06 13:19:01,,,,,1
Fingerprint Recognition Passed,OSCAR YOVANNY GONZALEZ MUNERA,71214132,,2026-05-06 13:19:01,faceOrFpOrCardOrPw,1,1,,1
Door Unlocked,,,,2026-05-06 13:19:06,,,,,1
Door Locked,,,,2026-05-06 13:19:45,,,,,1
Fingerprint Recognition Passed,DAVIDSON GALEANO AVENDAÑO,40370997,,2026-05-06 13:19:45,faceOrFpOrCardOrPw,1,1,,1
Door Unlocked,,,,2026-05-06 13:19:50,,,,,1
Door Locked,,,,2026-05-06 13:20:18,,,,,1
Fingerprint Recognition Passed,JUAN PABLO LOPEZ VASCO,900324,,2026-05-06 13:20:18,faceOrFpOrCardOrPw,1,1,,1
Door Unlocked,,,,2026-05-06 13:20:23,,,,,1
Door Locked,,,,2026-05-06 13:21:49,,,,,1
Fingerprint Recognition Passed,OMAR ENRIQUE OROZCO SIMANCA,65579115,,2026-05-06 13:21:49,faceOrFpOrCardOrPw,1,1,,1
Door Unlocked,,,,2026-05-06 13:21:54,,,,,1
Door Locked,,,,2026-05-06 13:22:14,,,,,1
Fingerprint Recognition Passed,ELIZABETH OSORIO CASTAÑO,37586673,,2026-05-06 13:22:14,faceOrFpOrCardOrPw,1,1,,1
Door Unlocked,,,,2026-05-06 13:22:19,,,,,1
Door Locked,,,,2026-05-06 13:23:33,,,,,1
Fingerprint Recognition Passed,MARIA ALEJANDRA CORTES URIBE,36616702,,2026-05-06 13:23:33,faceOrFpOrCardOrPw,1,1,,1
Door Unlocked,,,,2026-05-06 13:23:38,,,,,1
Fingerprint Recognition Passed,JAQUELINE VALDERRAMA ALVAREZ,4027534,,2026-05-06 13:28:38,faceOrFpOrCardOrPw,1,1,,1
Door Locked,,,,2026-05-06 13:28:39,,,,,1
Door Unlocked,,,,2026-05-06 13:28:44,,,,,1
Door Locked,,,,2026-05-06 13:30:07,,,,,1
Face Authentication Passed,DANIELA CASTRILLON PULGARIN,17261353,,2026-05-06 13:30:07,faceOrFpOrCardOrPw,1,1,no,1
Door Unlocked,,,,2026-05-06 13:30:12,,,,,1
Door Locked,,,,2026-05-06 13:32:11,,,,,1
Fingerprint Recognition Passed,SONIA FABIELLY RESTREPO RESTREPO,42791615,,2026-05-06 13:32:11,faceOrFpOrCardOrPw,1,1,,1
Door Unlocked,,,,2026-05-06 13:32:16,,,,,1
Door Unlocked,,,,2026-05-06 13:43:52,,,,,1
Door Locked,,,,2026-05-06 13:53:08,,,,,1
Face Authentication Passed,BAIRON NICOLAS CALLE RIVERA,40367273,,2026-05-06 13:53:08,faceOrFpOrCardOrPw,1,1,no,1
Door Unlocked,,,,2026-05-06 13:53:13,,,,,1
Door Locked,,,,2026-05-06 14:00:46,,,,,1
Fingerprint Recognition Passed,ANDRES FELIPE AGUIRRE MARIN,70422459,,2026-05-06 14:00:46,faceOrFpOrCardOrPw,1,1,,1
Door Unlocked,,,,2026-05-06 14:00:51,,,,,1
Door Locked,,,,2026-05-06 14:02:11,,,,,1
Fingerprint Recognition Passed,ELIZABETH OSORIO CASTAÑO,37586673,,2026-05-06 14:02:11,faceOrFpOrCardOrPw,1,1,,1
Door Unlocked,,,,2026-05-06 14:02:16,,,,,1
Door Locked,,,,2026-05-06 14:04:01,,,,,1
Fingerprint Recognition Passed,SEBASTIAN PELAEZ ZAPATA,35867201,,2026-05-06 14:04:01,faceOrFpOrCardOrPw,1,1,,1
Door Unlocked,,,,2026-05-06 14:04:06,,,,,1
Door Locked,,,,2026-05-06 14:04:52,,,,,1
Fingerprint Recognition Passed,OMAR ENRIQUE OROZCO SIMANCA,65579115,,2026-05-06 14:04:52,faceOrFpOrCardOrPw,1,1,,1
Door Unlocked,,,,2026-05-06 14:04:57,,,,,1
Door Locked,,,,2026-05-06 14:10:15,,,,,1
Fingerprint Recognition Passed,JAQUELINE VALDERRAMA ALVAREZ,4027534,,2026-05-06 14:10:15,faceOrFpOrCardOrPw,1,1,,1
Door Unlocked,,,,2026-05-06 14:10:20,,,,,1
Door Locked,,,,2026-05-06 14:16:55,,,,,1
Face Authentication Passed,JERALDINE GARCIA CASTAÑO,0442978,,2026-05-06 14:16:55,faceOrFpOrCardOrPw,1,1,no,1
Door Unlocked,,,,2026-05-06 14:17:00,,,,,1
Door Locked,,,,2026-05-06 14:21:56,,,,,1
Fingerprint Recognition Passed,CLAUDIA PATRICIA ZAPATA SOTO,43738836,,2026-05-06 14:21:56,faceOrFpOrCardOrPw,1,1,,1
Door Unlocked,,,,2026-05-06 14:22:01,,,,,1
Door Locked,,,,2026-05-06 14:27:07,,,,,1
Fingerprint Recognition Passed,DORA LUCIA RICO ARENAS,43876654,,2026-05-06 14:27:07,faceOrFpOrCardOrPw,1,1,,1
Door Unlocked,,,,2026-05-06 14:27:12,,,,,1
Door Locked,,,,2026-05-06 14:27:28,,,,,1
Fingerprint Recognition Passed,ELENA MARIA PATIÑO VARÓN,32353781,,2026-05-06 14:27:28,faceOrFpOrCardOrPw,1,1,,1
Door Locked,,,,2026-05-06 17:01:35,,,,,1
Door Unlocked,,,,2026-05-06 17:01:40,,,,,1
Door Locked,,,,2026-05-06 17:02:15,,,,,1
Face Authentication Passed,PAULA ANDREA URIBE VARGAS,32244015,,2026-05-06 17:02:15,faceOrFpOrCardOrPw,1,1,no,1
Door Unlocked,,,,2026-05-06 17:02:20,,,,,1
Door Locked,,,,2026-05-06 17:02:56,,,,,1
Fingerprint Recognition Passed,DAVIDSON GALEANO AVENDAÑO,40370997,,2026-05-06 17:02:56,faceOrFpOrCardOrPw,1,1,,1
Door Unlocked,,,,2026-05-06 17:03:01,,,,,1
Door Locked,,,,2026-05-06 17:03:45,,,,,1
Face Authentication Passed,DANIELA CASTRILLON PULGARIN,17261353,,2026-05-06 17:03:45,faceOrFpOrCardOrPw,1,1,no,1
Face Authentication Passed,ANDRES RESTREPO,1399637,,2026-05-06 17:03:49,faceOrFpOrCardOrPw,1,1,no,1
Door Unlocked,,,,2026-05-06 17:03:54,,,,,1
Door Locked,,,,2026-05-06 17:03:58,,,,,1
Fingerprint Recognition Passed,JUAN CAMILO ZAPATA GONZALEZ,42706670,,2026-05-06 17:03:58,faceOrFpOrCardOrPw,1,1,,1
Door Unlocked,,,,2026-05-06 17:04:03,,,,,1
Door Locked,,,,2026-05-06 17:04:16,,,,,1
Face Authentication Passed,JUAN FERNANDO ALVAREZ FIGUEROA,71269108,,2026-05-06 17:04:16,faceOrFpOrCardOrPw,1,1,no,1
Door Unlocked,,,,2026-05-06 17:04:21,,,,,1
Door Locked,,,,2026-05-06 17:06:57,,,,,1
Fingerprint Recognition Passed,JAQUELINE VALDERRAMA ALVAREZ,4027534,,2026-05-06 17:06:57,faceOrFpOrCardOrPw,1,1,,1
Door Unlocked,,,,2026-05-06 17:07:02,,,,,1
Fingerprint Recognition Passed,KELI JOHANA CARVAJAL DURANGO,52689564,,2026-05-06 17:07:02,faceOrFpOrCardOrPw,1,1,,1
Door Locked,,,,2026-05-06 17:07:03,,,,,1
Door Unlocked,,,,2026-05-06 17:07:08,,,,,1
Door Locked,,,,2026-05-06 17:07:08,,,,,1
Fingerprint Recognition Passed,MARIA ALEJANDRA CORTES URIBE,36616702,,2026-05-06 17:07:08,faceOrFpOrCardOrPw,1,1,,1
Door Unlocked,,,,2026-05-06 17:07:13,,,,,1
Door Locked,,,,2026-05-06 17:09:23,,,,,1
Fingerprint Recognition Passed,NUBIA ELENA BEDOYA CARO,42787291,,2026-05-06 17:09:23,faceOrFpOrCardOrPw,1,1,,1
Fingerprint Recognition Passed,JHONATHAN ESTIVENSON URAN SERNA,28398370,,2026-05-06 17:09:27,faceOrFpOrCardOrPw,1,1,,1
Fingerprint Recognition Failed,,,,2026-05-06 17:30:56,faceOrFpOrCardOrPw,1,1,,1
Door Locked,,,,2026-05-06 17:31:01,,,,,1
Fingerprint Recognition Passed,OSCAR YOVANNY GONZALEZ MUNERA,71214132,,2026-05-06 17:31:01,faceOrFpOrCardOrPw,1,1,,1
Door Unlocked,,,,2026-05-06 17:31:06,,,,,1
Door Locked,,,,2026-05-06 17:34:00,,,,,1
Fingerprint Recognition Passed,SANDRA CAROLINA OSORIO SALAZAR,35388650,,2026-05-06 17:34:00,faceOrFpOrCardOrPw,1,1,,1
Door Unlocked,,,,2026-05-06 17:34:05,,,,,1
Door Locked,,,,2026-05-06 17:35:48,,,,,1
Fingerprint Recognition Passed,WILDER SANTIAGO MEJIA ALVAREZ,20489034,,2026-05-06 17:35:48,faceOrFpOrCardOrPw,1,1,,1
Door Unlocked,,,,2026-05-06 17:35:53,,,,,1
Door Locked,,,,2026-05-06 17:36:04,,,,,1
Fingerprint Recognition Passed,HAILER ARTURO MONTOYA CANO,33337771,,2026-05-06 17:36:04,faceOrFpOrCardOrPw,1,1,,1
Door Unlocked,,,,2026-05-06 17:36:10,,,,,1
Door Locked,,,,2026-05-06 17:39:08,,,,,1
Face Authentication Passed,CAMILA ANDREA CARMONA GIRALDO,8439164,,2026-05-06 17:39:08,faceOrFpOrCardOrPw,1,1,no,1
Door Unlocked,,,,2026-05-06 17:39:13,,,,,1
Fingerprint Recognition Passed,SONIA FABIELLY RESTREPO RESTREPO,42791615,,2026-05-06 17:58:38,faceOrFpOrCardOrPw,1,1,,1
Door Locked,,,,2026-05-06 17:58:39,,,,,1
Door Unlocked,,,,2026-05-06 17:58:44,,,,,1
Fingerprint Recognition Passed,OMAR ENRIQUE OROZCO SIMANCA,65579115,,2026-05-06 18:06:07,faceOrFpOrCardOrPw,1,1,,1
Door Locked,,,,2026-05-06 18:06:08,,,,,1
Door Unlocked,,,,2026-05-06 18:06:13,,,,,1
Door Locked,,,,2026-05-06 18:06:57,,,,,1
Fingerprint Recognition Passed,JUAN PABLO LOPEZ VASCO,900324,,2026-05-06 18:06:57,faceOrFpOrCardOrPw,1,1,,1
Door Unlocked,,,,2026-05-06 18:07:02,,,,,1
Door Locked,,,,2026-05-06 18:07:04,,,,,1
Fingerprint Recognition Passed,EYLER SANTIAGO TABARES MONTEALEGRE,17219543,,2026-05-06 18:07:04,faceOrFpOrCardOrPw,1,1,,1
Door Unlocked,,,,2026-05-06 18:07:09,,,,,1
Door Locked,,,,2026-05-06 18:07:11,,,,,1
Face Authentication Passed,LEIDY JOHANA LONDONO VALENCIA,93514952,,2026-05-06 18:07:11,faceOrFpOrCardOrPw,1,1,no,1
Door Unlocked,,,,2026-05-06 18:07:16,,,,,1
Door Locked,,,,2026-05-06 18:07:37,,,,,1
Fingerprint Recognition Passed,ELIZABETH OSORIO CASTAÑO,37586673,,2026-05-06 18:07:37,faceOrFpOrCardOrPw,1,1,,1
Door Unlocked,,,,2026-05-06 18:07:42,,,,,1
Door Locked,,,,2026-05-06 18:09:34,,,,,1
Fingerprint Recognition Passed,JOHAN ALEXIS MEJIA HENAO,17243886,,2026-05-06 18:09:34,faceOrFpOrCardOrPw,1,1,,1
Door Unlocked,,,,2026-05-06 18:09:39,,,,,1
Door Locked,,,,2026-05-06 18:09:55,,,,,1
Fingerprint Recognition Passed,MARI ANGELA PALACIOS PALACIOS,6816620,,2026-05-06 18:09:55,faceOrFpOrCardOrPw,1,1,,1
Face Authentication Passed,JESSICA SALAZAR CAÑAS,52184530,,2026-05-06 18:09:59,faceOrFpOrCardOrPw,1,1,no,1
Door Unlocked,,,,2026-05-06 18:10:04,,,,,1
Door Locked,,,,2026-05-06 20:10:48,,,,,1
Face Authentication Passed,JHON JAIME RESTREPO RIAZA,71655733,,2026-05-06 20:10:48,faceOrFpOrCardOrPw,1,1,no,1
Door Unlocked,,,,2026-05-06 20:10:53,,,,,1
Door Locked,,,,2026-05-07 05:57:10,,,,,1
Face Authentication Passed,JOHN ALEXANDER CUADROS SERNA,8126705,,2026-05-07 05:57:10,faceOrFpOrCardOrPw,1,1,no,1
Door Unlocked,,,,2026-05-07 05:57:15,,,,,1
Door Locked,,,,2026-05-07 06:17:23,,,,,1
Face Authentication Passed,DUBER ERLEY GIRALDO ZULUAGA,17209957,,2026-05-07 06:17:23,faceOrFpOrCardOrPw,1,1,no,1
Door Unlocked,,,,2026-05-07 06:17:28,,,,,1
Door Locked,,,,2026-05-07 06:43:22,,,,,1
Face Authentication Passed,YONATAN OLIVEROS CUADROS,28454075,,2026-05-07 06:43:22,faceOrFpOrCardOrPw,1,1,no,1
Door Unlocked,,,,2026-05-07 06:43:27,,,,,1
Door Locked,,,,2026-05-07 06:47:08,,,,,1
Face Authentication Passed,JUAN FERNANDO ALVAREZ FIGUEROA,71269108,,2026-05-07 06:47:08,faceOrFpOrCardOrPw,1,1,no,1
Door Unlocked,,,,2026-05-07 06:47:13,,,,,1
Door Locked,,,,2026-05-07 06:51:30,,,,,1
Fingerprint Recognition Passed,CARLOS ANDRES OROZCO UPEGUI,3396375,,2026-05-07 06:51:30,faceOrFpOrCardOrPw,1,1,,1
Door Unlocked,,,,2026-05-07 06:51:35,,,,,1
Fingerprint Recognition Passed,LUZ DERLIS ORTEGA GONZALEZ,57292045,,2026-05-07 06:53:28,faceOrFpOrCardOrPw,1,1,,1
Door Locked,,,,2026-05-07 06:53:29,,,,,1
Door Unlocked,,,,2026-05-07 06:53:34,,,,,1
Door Locked,,,,2026-05-07 06:54:34,,,,,1
Fingerprint Recognition Passed,JORGE WILLIAM PEREZ GIL,71798259,,2026-05-07 06:54:34,faceOrFpOrCardOrPw,1,1,,1
Door Unlocked,,,,2026-05-07 06:54:39,,,,,1
Door Locked,,,,2026-05-07 07:02:32,,,,,1
Fingerprint Recognition Passed,EDIVER GALEANO CARMONA,16725402,,2026-05-07 07:02:32,faceOrFpOrCardOrPw,1,1,,1
Door Unlocked,,,,2026-05-07 07:02:37,,,,,1
Door Locked,,,,2026-05-07 07:03:36,,,,,1
Fingerprint Recognition Passed,LENIS JOHANA RAMIREZ MANCO,28384637,,2026-05-07 07:03:36,faceOrFpOrCardOrPw,1,1,,1
Door Unlocked,,,,2026-05-07 07:03:41,,,,,1
Fingerprint Recognition Passed,SANDRA CAROLINA OSORIO SALAZAR,35388650,,2026-05-07 07:05:39,faceOrFpOrCardOrPw,1,1,,1
Door Locked,,,,2026-05-07 07:05:40,,,,,1
Door Unlocked,,,,2026-05-07 07:05:45,,,,,1
Door Locked,,,,2026-05-07 07:06:58,,,,,1
Face Authentication Passed,BAIRON NICOLAS CALLE RIVERA,40367273,,2026-05-07 07:06:58,faceOrFpOrCardOrPw,1,1,no,1
Face Authentication Passed,BAIRON NICOLAS CALLE RIVERA,40367273,,2026-05-07 07:07:02,faceOrFpOrCardOrPw,1,1,no,1
Fingerprint Recognition Passed,DAVIDSON GALEANO AVENDAÑO,40370997,,2026-05-07 07:17:11,faceOrFpOrCardOrPw,1,1,,1
Door Unlocked,,,,2026-05-07 07:17:16,,,,,1
Fingerprint Recognition Passed,MARIA ALEJANDRA CORTES URIBE,36616702,,2026-05-07 07:18:49,faceOrFpOrCardOrPw,1,1,,1
Door Locked,,,,2026-05-07 07:18:50,,,,,1
Door Unlocked,,,,2026-05-07 07:18:55,,,,,1
Door Locked,,,,2026-05-07 07:20:36,,,,,1
Fingerprint Recognition Passed,NUBIA ELENA BEDOYA CARO,42787291,,2026-05-07 07:20:36,faceOrFpOrCardOrPw,1,1,,1
Door Unlocked,,,,2026-05-07 07:20:41,,,,,1
Door Locked,,,,2026-05-07 07:20:43,,,,,1
Fingerprint Recognition Passed,ANDRES FELIPE GIRALDO ARISMENDY,35427471,,2026-05-07 07:20:43,faceOrFpOrCardOrPw,1,1,,1
Door Unlocked,,,,2026-05-07 07:20:48,,,,,1
Door Locked,,,,2026-05-07 07:20:56,,,,,1
Face Authentication Passed,JERALDINE GARCIA CASTAÑO,0442978,,2026-05-07 07:20:56,faceOrFpOrCardOrPw,1,1,no,1
Door Unlocked,,,,2026-05-07 07:21:01,,,,,1
Door Locked,,,,2026-05-07 07:23:33,,,,,1
Fingerprint Recognition Passed,CLAUDIA PATRICIA ZAPATA SOTO,43738836,,2026-05-07 07:23:33,faceOrFpOrCardOrPw,1,1,,1
Door Unlocked,,,,2026-05-07 07:23:38,,,,,1
Fingerprint Recognition Passed,KELI JOHANA CARVAJAL DURANGO,52689564,,2026-05-07 07:26:02,faceOrFpOrCardOrPw,1,1,,1
Door Locked,,,,2026-05-07 07:26:03,,,,,1
Door Unlocked,,,,2026-05-07 07:26:08,,,,,1
Fingerprint Recognition Failed,,,,2026-05-07 07:26:28,faceOrFpOrCardOrPw,1,1,,1
Door Locked,,,,2026-05-07 07:26:30,,,,,1
Fingerprint Recognition Passed,DORA LUCIA RICO ARENAS,43876654,,2026-05-07 07:26:30,faceOrFpOrCardOrPw,1,1,,1
Door Unlocked,,,,2026-05-07 07:26:35,,,,,1
Door Locked,,,,2026-05-07 07:29:27,,,,,1
Fingerprint Recognition Passed,OSCAR YOVANNY GONZALEZ MUNERA,71214132,,2026-05-07 07:29:27,faceOrFpOrCardOrPw,1,1,,1
Door Unlocked,,,,2026-05-07 07:29:32,,,,,1
Door Locked,,,,2026-05-07 07:30:06,,,,,1
Face Authentication Passed,DANIELA CASTRILLON PULGARIN,17261353,,2026-05-07 07:30:06,faceOrFpOrCardOrPw,1,1,no,1
Door Unlocked,,,,2026-05-07 07:30:11,,,,,1
Door Locked,,,,2026-05-07 07:56:02,,,,,1
Fingerprint Recognition Passed,WILDER SANTIAGO MEJIA ALVAREZ,20489034,,2026-05-07 07:56:02,faceOrFpOrCardOrPw,1,1,,1
Door Unlocked,,,,2026-05-07 07:56:07,,,,,1
Door Locked,,,,2026-05-07 07:57:31,,,,,1
Fingerprint Recognition Passed,HAILER ARTURO MONTOYA CANO,33337771,,2026-05-07 07:57:31,faceOrFpOrCardOrPw,1,1,,1
Door Unlocked,,,,2026-05-07 07:57:36,,,,,1
Door Locked,,,,2026-05-07 07:58:32,,,,,1
Face Authentication Passed,CAMILA ANDREA CARMONA GIRALDO,8439164,,2026-05-07 07:58:32,faceOrFpOrCardOrPw,1,1,no,1
Door Unlocked,,,,2026-05-07 07:58:37,,,,,1
Door Locked,,,,2026-05-07 07:59:11,,,,,1
Face Authentication Passed,JESSICA SALAZAR CAÑAS,52184530,,2026-05-07 07:59:11,faceOrFpOrCardOrPw,1,1,no,1
Door Unlocked,,,,2026-05-07 07:59:16,,,,,1
Door Locked,,,,2026-05-07 08:00:38,,,,,1
Face Authentication Passed,LEIDY JOHANA LONDONO VALENCIA,93514952,,2026-05-07 08:00:38,faceOrFpOrCardOrPw,1,1,no,1
Door Unlocked,,,,2026-05-07 08:00:43,,,,,1
Door Locked,,,,2026-05-07 08:07:52,,,,,1
Fingerprint Recognition Passed,SONIA FABIELLY RESTREPO RESTREPO,42791615,,2026-05-07 08:07:52,faceOrFpOrCardOrPw,1,1,,1
Door Unlocked,,,,2026-05-07 08:07:57,,,,,1
Door Locked,,,,2026-05-07 08:15:28,,,,,1
Fingerprint Recognition Passed,JOHAN ALEXIS MEJIA HENAO,17243886,,2026-05-07 08:15:28,faceOrFpOrCardOrPw,1,1,,1
Door Unlocked,,,,2026-05-07 08:15:33,,,,,1
Door Locked,,,,2026-05-07 08:16:56,,,,,1
Fingerprint Recognition Passed,CARLOS ALARCON GOMEZ,71716731,,2026-05-07 08:16:56,faceOrFpOrCardOrPw,1,1,,1
Door Unlocked,,,,2026-05-07 08:17:01,,,,,1
Door Locked,,,,2026-05-07 08:20:20,,,,,1
Fingerprint Recognition Passed,JUAN PABLO LOPEZ VASCO,900324,,2026-05-07 08:20:20,faceOrFpOrCardOrPw,1,1,,1
Door Unlocked,,,,2026-05-07 08:20:25,,,,,1
Door Locked,,,,2026-05-07 08:25:52,,,,,1
Fingerprint Recognition Passed,OMAR ENRIQUE OROZCO SIMANCA,65579115,,2026-05-07 08:25:52,faceOrFpOrCardOrPw,1,1,,1
Door Unlocked,,,,2026-05-07 08:25:57,,,,,1
Fingerprint Recognition Passed,NUBIA ELENA BEDOYA CARO,42787291,,2026-05-07 11:55:56,faceOrFpOrCardOrPw,1,1,,1
Door Unlocked,,,,2026-05-07 11:56:01,,,,,1
Door Locked,,,,2026-05-07 11:58:23,,,,,1
Fingerprint Recognition Passed,MARI ANGELA PALACIOS PALACIOS,6816620,,2026-05-07 11:58:23,faceOrFpOrCardOrPw,1,1,,1
Door Unlocked,,,,2026-05-07 11:58:28,,,,,1
Door Locked,,,,2026-05-07 12:15:01,,,,,1
Fingerprint Recognition Passed,JUAN CAMILO ZAPATA GONZALEZ,42706670,,2026-05-07 12:15:01,faceOrFpOrCardOrPw,1,1,,1
Door Unlocked,,,,2026-05-07 12:15:06,,,,,1
Door Locked,,,,2026-05-07 12:29:07,,,,,1
Face Authentication Passed,JUAN FERNANDO ALVAREZ FIGUEROA,71269108,,2026-05-07 12:29:07,faceOrFpOrCardOrPw,1,1,no,1
Door Unlocked,,,,2026-05-07 12:29:12,,,,,1
Door Locked,,,,2026-05-07 12:29:46,,,,,1
Fingerprint Recognition Passed,DAVIDSON GALEANO AVENDAÑO,40370997,,2026-05-07 12:29:46,faceOrFpOrCardOrPw,1,1,,1
Door Unlocked,,,,2026-05-07 12:29:51,,,,,1
Door Locked,,,,2026-05-07 12:30:26,,,,,1
Face Authentication Passed,LEIDY JOHANA LONDONO VALENCIA,93514952,,2026-05-07 12:30:26,faceOrFpOrCardOrPw,1,1,no,1
Door Unlocked,,,,2026-05-07 12:30:31,,,,,1
Door Locked,,,,2026-05-07 12:31:11,,,,,1
Fingerprint Recognition Passed,DIEGO ANDRES HENAO ROMERO,71337024,,2026-05-07 12:31:11,faceOrFpOrCardOrPw,1,1,,1
Door Unlocked,,,,2026-05-07 12:31:16,,,,,1
Door Locked,,,,2026-05-07 12:31:22,,,,,1
Fingerprint Recognition Passed,MARIA ALEJANDRA CORTES URIBE,36616702,,2026-05-07 12:31:22,faceOrFpOrCardOrPw,1,1,,1
Fingerprint Recognition Failed,,,,2026-05-07 12:31:27,faceOrFpOrCardOrPw,1,1,,1
Door Unlocked,,,,2026-05-07 12:31:27,,,,,1
Door Locked,,,,2026-05-07 12:31:29,,,,,1
Fingerprint Recognition Passed,JUAN PABLO LOPEZ VASCO,900324,,2026-05-07 12:31:29,faceOrFpOrCardOrPw,1,1,,1
Door Unlocked,,,,2026-05-07 12:31:35,,,,,1
Door Locked,,,,2026-05-07 12:33:43,,,,,1
Fingerprint Recognition Passed,KELI JOHANA CARVAJAL DURANGO,52689564,,2026-05-07 12:33:43,faceOrFpOrCardOrPw,1,1,,1
Door Unlocked,,,,2026-05-07 12:33:48,,,,,1
Door Locked,,,,2026-05-07 12:36:44,,,,,1
Fingerprint Recognition Passed,NUBIA ELENA BEDOYA CARO,42787291,,2026-05-07 12:36:44,faceOrFpOrCardOrPw,1,1,,1
Door Unlocked,,,,2026-05-07 12:36:49,,,,,1
Door Locked,,,,2026-05-07 12:43:01,,,,,1
Face Authentication Passed,ANDRES RESTREPO,1399637,,2026-05-07 12:43:01,faceOrFpOrCardOrPw,1,1,no,1
Face Authentication Passed,BAIRON NICOLAS CALLE RIVERA,40367273,,2026-05-07 13:06:15,faceOrFpOrCardOrPw,1,1,no,1
Door Unlocked,,,,2026-05-07 13:06:20,,,,,1
Door Locked,,,,2026-05-07 13:10:21,,,,,1
Fingerprint Recognition Passed,MARIA ALEJANDRA CORTES URIBE,36616702,,2026-05-07 13:10:21,faceOrFpOrCardOrPw,1,1,,1
Door Unlocked,,,,2026-05-07 13:10:26,,,,,1
Door Locked,,,,2026-05-07 13:17:20,,,,,1
Fingerprint Recognition Passed,ANDRES FELIPE AGUIRRE MARIN,70422459,,2026-05-07 13:17:20,faceOrFpOrCardOrPw,1,1,,1
Door Unlocked,,,,2026-05-07 13:17:25,,,,,1
Door Locked,,,,2026-05-07 13:17:27,,,,,1
Face Authentication Passed,JUAN FERNANDO ALVAREZ FIGUEROA,71269108,,2026-05-07 13:17:27,faceOrFpOrCardOrPw,1,1,no,1
Door Unlocked,,,,2026-05-07 13:17:32,,,,,1
Door Locked,,,,2026-05-07 13:17:47,,,,,1
Fingerprint Recognition Passed,JUAN PABLO LOPEZ VASCO,900324,,2026-05-07 13:17:47,faceOrFpOrCardOrPw,1,1,,1
Fingerprint Recognition Passed,JHONATHAN ESTIVENSON URAN SERNA,28398370,,2026-05-07 13:17:52,faceOrFpOrCardOrPw,1,1,,1
Door Unlocked,,,,2026-05-07 13:17:57,,,,,1
Door Locked,,,,2026-05-07 13:18:07,,,,,1
Fingerprint Recognition Passed,JAQUELINE VALDERRAMA ALVAREZ,4027534,,2026-05-07 13:18:07,faceOrFpOrCardOrPw,1,1,,1
Door Unlocked,,,,2026-05-07 13:18:12,,,,,1
Door Locked,,,,2026-05-07 13:18:27,,,,,1
Face Authentication Passed,LEIDY JOHANA LONDONO VALENCIA,93514952,,2026-05-07 13:18:27,faceOrFpOrCardOrPw,1,1,no,1
Door Unlocked,,,,2026-05-07 13:18:32,,,,,1
Door Locked,,,,2026-05-07 13:18:34,,,,,1
Fingerprint Recognition Passed,DAVIDSON GALEANO AVENDAÑO,40370997,,2026-05-07 13:18:34,faceOrFpOrCardOrPw,1,1,,1
Door Unlocked,,,,2026-05-07 13:18:39,,,,,1
Door Locked,,,,2026-05-07 13:24:19,,,,,1
Fingerprint Recognition Passed,JOHAN ALEXIS MEJIA HENAO,17243886,,2026-05-07 13:24:19,faceOrFpOrCardOrPw,1,1,,1
Fingerprint Recognition Passed,OMAR ENRIQUE OROZCO SIMANCA,65579115,,2026-05-07 13:24:24,faceOrFpOrCardOrPw,1,1,,1
Door Unlocked,,,,2026-05-07 13:24:29,,,,,1
Door Locked,,,,2026-05-07 13:25:36,,,,,1
Fingerprint Recognition Passed,SONIA FABIELLY RESTREPO RESTREPO,42791615,,2026-05-07 13:25:36,faceOrFpOrCardOrPw,1,1,,1
Face Authentication Passed,PAULA ANDREA URIBE VARGAS,32244015,,2026-05-07 13:36:23,faceOrFpOrCardOrPw,1,1,no,1
Door Unlocked,,,,2026-05-07 13:36:28,,,,,1
Door Locked,,,,2026-05-07 13:43:59,,,,,1
Fingerprint Recognition Passed,OMAR ENRIQUE OROZCO SIMANCA,65579115,,2026-05-07 13:43:59,faceOrFpOrCardOrPw,1,1,,1
Door Unlocked,,,,2026-05-07 13:44:04,,,,,1
Door Locked,,,,2026-05-07 13:44:07,,,,,1
Fingerprint Recognition Passed,DORA LUCIA RICO ARENAS,43876654,,2026-05-07 13:44:07,faceOrFpOrCardOrPw,1,1,,1
Door Unlocked,,,,2026-05-07 13:44:12,,,,,1
Door Locked,,,,2026-05-07 13:51:55,,,,,1
Face Authentication Passed,BAIRON NICOLAS CALLE RIVERA,40367273,,2026-05-07 13:51:55,faceOrFpOrCardOrPw,1,1,no,1
Door Unlocked,,,,2026-05-07 13:52:00,,,,,1
Fingerprint Recognition Failed,,,,2026-05-07 13:52:46,faceOrFpOrCardOrPw,1,1,,1
Door Locked,,,,2026-05-07 13:52:50,,,,,1
Fingerprint Recognition Passed,SANDRA CAROLINA OSORIO SALAZAR,35388650,,2026-05-07 13:52:50,faceOrFpOrCardOrPw,1,1,,1
Door Unlocked,,,,2026-05-07 13:52:55,,,,,1
Door Locked,,,,2026-05-07 13:55:48,,,,,1
Fingerprint Recognition Passed,JHONATHAN ESTIVENSON URAN SERNA,28398370,,2026-05-07 13:55:48,faceOrFpOrCardOrPw,1,1,,1
Door Unlocked,,,,2026-05-07 13:55:53,,,,,1
Door Locked,,,,2026-05-07 14:00:53,,,,,1
Fingerprint Recognition Passed,ANDRES FELIPE AGUIRRE MARIN,70422459,,2026-05-07 14:00:53,faceOrFpOrCardOrPw,1,1,,1
Door Unlocked,,,,2026-05-07 14:00:58,,,,,1
Door Locked,,,,2026-05-07 14:04:50,,,,,1
Fingerprint Recognition Passed,SEBASTIAN PELAEZ ZAPATA,35867201,,2026-05-07 14:04:50,faceOrFpOrCardOrPw,1,1,,1
Door Unlocked,,,,2026-05-07 14:04:55,,,,,1
Door Locked,,,,2026-05-07 14:06:24,,,,,1
Fingerprint Recognition Passed,JAQUELINE VALDERRAMA ALVAREZ,4027534,,2026-05-07 14:06:24,faceOrFpOrCardOrPw,1,1,,1
Door Unlocked,,,,2026-05-07 14:06:29,,,,,1
Door Locked,,,,2026-05-07 14:08:31,,,,,1
Face Authentication Passed,DANIELA CASTRILLON PULGARIN,17261353,,2026-05-07 14:08:31,faceOrFpOrCardOrPw,1,1,no,1
Door Unlocked,,,,2026-05-07 14:08:36,,,,,1
Door Locked,,,,2026-05-07 15:12:41,,,,,1
Face Authentication Passed,JESSICA SALAZAR CAÑAS,52184530,,2026-05-07 15:12:41,faceOrFpOrCardOrPw,1,1,no,1
Door Unlocked,,,,2026-05-07 15:12:46,,,,,1
Door Locked,,,,2026-05-07 15:14:32,,,,,1
Face Authentication Passed,BAIRON NICOLAS CALLE RIVERA,40367273,,2026-05-07 15:14:32,faceOrFpOrCardOrPw,1,1,no,1
Door Unlocked,,,,2026-05-07 15:14:37,,,,,1
Fingerprint Recognition Failed,,,,2026-05-07 15:15:06,faceOrFpOrCardOrPw,1,1,,1
Door Locked,,,,2026-05-07 15:15:09,,,,,1
Fingerprint Recognition Passed,MARIA ROSMIRA RODRIGUEZ BUITRAGO,42995314,,2026-05-07 15:15:09,faceOrFpOrCardOrPw,1,1,,1
Door Unlocked,,,,2026-05-07 15:15:14,,,,,1
Door Locked,,,,2026-05-07 15:57:22,,,,,1
Face Authentication Passed,JESSICA SALAZAR CAÑAS,52184530,,2026-05-07 15:57:22,faceOrFpOrCardOrPw,1,1,no,1
Door Unlocked,,,,2026-05-07 15:57:27,,,,,1
Door Locked,,,,2026-05-07 16:04:12,,,,,1
Fingerprint Recognition Passed,MARIA ROSMIRA RODRIGUEZ BUITRAGO,42995314,,2026-05-07 16:04:12,faceOrFpOrCardOrPw,1,1,,1
Door Unlocked,,,,2026-05-07 16:04:17,,,,,1
Door Locked,,,,2026-05-07 17:03:29,,,,,1
Fingerprint Recognition Passed,PAULA ANDREA URIBE VARGAS,32244015,,2026-05-07 17:03:29,faceOrFpOrCardOrPw,1,1,,1
Door Unlocked,,,,2026-05-07 17:03:34,,,,,1
Door Locked,,,,2026-05-07 17:04:32,,,,,1
Fingerprint Recognition Passed,DANIELA CASTRILLON PULGARIN,17261353,,2026-05-07 17:04:32,faceOrFpOrCardOrPw,1,1,,1
Door Unlocked,,,,2026-05-07 17:04:37,,,,,1
Door Locked,,,,2026-05-07 17:05:00,,,,,1
Fingerprint Recognition Passed,ANDRES FELIPE AGUIRRE MARIN,70422459,,2026-05-07 17:05:00,faceOrFpOrCardOrPw,1,1,,1
Door Unlocked,,,,2026-05-07 17:05:05,,,,,1
Door Locked,,,,2026-05-07 17:07:07,,,,,1
Fingerprint Recognition Passed,KELI JOHANA CARVAJAL DURANGO,52689564,,2026-05-07 17:07:07,faceOrFpOrCardOrPw,1,1,,1
Fingerprint Recognition Passed,JAQUELINE VALDERRAMA ALVAREZ,4027534,,2026-05-07 17:07:11,faceOrFpOrCardOrPw,1,1,,1
Fingerprint Recognition Passed,DAVIDSON GALEANO AVENDAÑO,40370997,,2026-05-07 17:07:13,faceOrFpOrCardOrPw,1,1,,1
Door Unlocked,,,,2026-05-07 17:07:18,,,,,1
Door Locked,,,,2026-05-07 17:10:13,,,,,1
Face Authentication Passed,JUAN FERNANDO ALVAREZ FIGUEROA,71269108,,2026-05-07 17:10:13,faceOrFpOrCardOrPw,1,1,no,1
Door Unlocked,,,,2026-05-07 17:10:18,,,,,1
Fingerprint Recognition Passed,JUAN CAMILO ZAPATA GONZALEZ,42706670,,2026-05-07 17:10:46,faceOrFpOrCardOrPw,1,1,,1
Door Locked,,,,2026-05-07 17:10:47,,,,,1
Door Unlocked,,,,2026-05-07 17:10:52,,,,,1
Door Locked,,,,2026-05-07 17:17:26,,,,,1
Fingerprint Recognition Passed,LENIS JOHANA RAMIREZ MANCO,28384637,,2026-05-07 17:17:26,faceOrFpOrCardOrPw,1,1,,1
Door Unlocked,,,,2026-05-07 17:17:31,,,,,1
Door Locked,,,,2026-05-07 17:17:45,,,,,1
Face Authentication Passed,JERALDINE GARCIA CASTAÑO,0442978,,2026-05-07 17:17:45,faceOrFpOrCardOrPw,1,1,no,1
Door Unlocked,,,,2026-05-07 17:17:50,,,,,1
Door Locked,,,,2026-05-07 17:19:12,,,,,1
Fingerprint Recognition Passed,DORA LUCIA RICO ARENAS,43876654,,2026-05-07 17:19:12,faceOrFpOrCardOrPw,1,1,,1
Door Unlocked,,,,2026-05-07 17:19:17,,,,,1
Fingerprint Recognition Failed,,,,2026-05-07 17:23:05,faceOrFpOrCardOrPw,1,1,,1
Fingerprint Recognition Failed,,,,2026-05-07 17:23:07,faceOrFpOrCardOrPw,1,1,,1
Door Locked,,,,2026-05-07 17:23:09,,,,,1
Fingerprint Recognition Passed,OSCAR YOVANNY GONZALEZ MUNERA,71214132,,2026-05-07 17:23:09,faceOrFpOrCardOrPw,1,1,,1
Door Unlocked,,,,2026-05-07 17:23:14,,,,,1
Fingerprint Recognition Failed,,,,2026-05-07 17:33:01,faceOrFpOrCardOrPw,1,1,,1
Door Locked,,,,2026-05-07 17:33:08,,,,,1
Fingerprint Recognition Passed,ELENA MARIA PATIÑO VARÓN,32353781,,2026-05-07 17:33:08,faceOrFpOrCardOrPw,1,1,,1
Door Unlocked,,,,2026-05-07 17:33:13,,,,,1
Door Locked,,,,2026-05-07 17:33:30,,,,,1
Fingerprint Recognition Passed,WILDER SANTIAGO MEJIA ALVAREZ,20489034,,2026-05-07 17:33:30,faceOrFpOrCardOrPw,1,1,,1
Door Unlocked,,,,2026-05-07 17:33:35,,,,,1
Door Locked,,,,2026-05-07 17:34:05,,,,,1
Fingerprint Recognition Passed,SANDRA CAROLINA OSORIO SALAZAR,35388650,,2026-05-07 17:34:05,faceOrFpOrCardOrPw,1,1,,1
Door Unlocked,,,,2026-05-07 17:34:10,,,,,1
Fingerprint Recognition Failed,,,,2026-05-07 18:09:19,faceOrFpOrCardOrPw,1,1,,1
Door Locked,,,,2026-05-07 18:09:21,,,,,1
Fingerprint Recognition Passed,DIEGO ANDRES HENAO ROMERO,71337024,,2026-05-07 18:09:21,faceOrFpOrCardOrPw,1,1,,1
Door Unlocked,,,,2026-05-07 18:09:26,,,,,1
Door Locked,,,,2026-05-07 18:09:27,,,,,1
Fingerprint Recognition Passed,ELIZABETH OSORIO CASTAÑO,37586673,,2026-05-07 18:09:27,faceOrFpOrCardOrPw,1,1,,1
Door Unlocked,,,,2026-05-07 18:09:32,,,,,1
Door Locked,,,,2026-05-07 18:09:54,,,,,1
Fingerprint Recognition Passed,JUAN PABLO LOPEZ VASCO,900324,,2026-05-07 18:09:54,faceOrFpOrCardOrPw,1,1,,1
Fingerprint Recognition Passed,JOHAN ALEXIS MEJIA HENAO,17243886,,2026-05-07 18:09:57,faceOrFpOrCardOrPw,1,1,,1
Door Unlocked,,,,2026-05-07 18:10:02,,,,,1
Door Locked,,,,2026-05-07 18:10:04,,,,,1
Fingerprint Recognition Passed,OMAR ENRIQUE OROZCO SIMANCA,65579115,,2026-05-07 18:10:04,faceOrFpOrCardOrPw,1,1,,1
Door Unlocked,,,,2026-05-07 18:10:09,,,,,1
Door Locked,,,,2026-05-07 18:11:01,,,,,1
Face Authentication Passed,JHON JAIME RESTREPO RIAZA,71655733,,2026-05-07 18:11:01,faceOrFpOrCardOrPw,1,1,no,1
Door Unlocked,,,,2026-05-07 18:11:06,,,,,1
Fingerprint Recognition Failed,,,,2026-05-07 18:11:42,faceOrFpOrCardOrPw,1,1,,1
Door Locked,,,,2026-05-07 18:11:44,,,,,1
Fingerprint Recognition Passed,MARI ANGELA PALACIOS PALACIOS,6816620,,2026-05-07 18:11:44,faceOrFpOrCardOrPw,1,1,,1
Fingerprint Recognition Passed,EYLER SANTIAGO TABARES MONTEALEGRE,17219543,,2026-05-07 18:11:47,faceOrFpOrCardOrPw,1,1,,1
Door Unlocked,,,,2026-05-07 18:11:52,,,,,1
Door Locked,,,,2026-05-07 18:13:15,,,,,1
Fingerprint Recognition Passed,SONIA FABIELLY RESTREPO RESTREPO,42791615,,2026-05-07 18:13:15,faceOrFpOrCardOrPw,1,1,,1
Door Unlocked,,,,2026-05-07 18:13:20,,,,,1
Fingerprint Recognition Failed,,,,2026-05-07 19:27:23,faceOrFpOrCardOrPw,1,1,,1
Door Locked,,,,2026-05-07 19:27:26,,,,,1
Fingerprint Recognition Passed,MARIA ROSMIRA RODRIGUEZ BUITRAGO,42995314,,2026-05-07 19:27:26,faceOrFpOrCardOrPw,1,1,,1
Door Unlocked,,,,2026-05-07 19:27:31,,,,,1
Door Locked,,,,2026-05-08 05:09:38,,,,,1
Face Authentication Passed,JHON JAIME RESTREPO RIAZA,71655733,,2026-05-08 05:09:38,faceOrFpOrCardOrPw,1,1,no,1
Door Unlocked,,,,2026-05-08 05:09:43,,,,,1
Door Locked,,,,2026-05-08 06:09:28,,,,,1
Face Authentication Passed,DUBER ERLEY GIRALDO ZULUAGA,17209957,,2026-05-08 06:09:28,faceOrFpOrCardOrPw,1,1,no,1
Door Unlocked,,,,2026-05-08 06:09:33,,,,,1
Face Authentication Passed,YONATAN OLIVEROS CUADROS,28454075,,2026-05-08 06:46:49,faceOrFpOrCardOrPw,1,1,no,1
Door Locked,,,,2026-05-08 06:46:50,,,,,1
Door Unlocked,,,,2026-05-08 06:46:55,,,,,1
Door Locked,,,,2026-05-08 06:47:07,,,,,1
Fingerprint Recognition Passed,LUZ DERLIS ORTEGA GONZALEZ,57292045,,2026-05-08 06:47:07,faceOrFpOrCardOrPw,1,1,,1
Door Unlocked,,,,2026-05-08 06:47:12,,,,,1
Door Locked,,,,2026-05-08 06:47:14,,,,,1
Fingerprint Recognition Passed,CARLOS ANDRES OROZCO UPEGUI,3396375,,2026-05-08 06:47:14,faceOrFpOrCardOrPw,1,1,,1
Door Unlocked,,,,2026-05-08 06:47:19,,,,,1
Door Locked,,,,2026-05-08 06:48:09,,,,,1
Face Authentication Passed,JUAN FERNANDO ALVAREZ FIGUEROA,71269108,,2026-05-08 06:48:09,faceOrFpOrCardOrPw,1,1,no,1
Door Unlocked,,,,2026-05-08 06:48:14,,,,,1
Door Locked,,,,2026-05-08 07:13:41,,,,,1
Face Authentication Passed,ANDRES RESTREPO,1399637,,2026-05-08 07:13:41,faceOrFpOrCardOrPw,1,1,no,1
Door Unlocked,,,,2026-05-08 07:13:46,,,,,1
Door Locked,,,,2026-05-08 07:14:43,,,,,1
Fingerprint Recognition Passed,JUAN CAMILO ZAPATA GONZALEZ,42706670,,2026-05-08 07:14:43,faceOrFpOrCardOrPw,1,1,,1
Door Unlocked,,,,2026-05-08 07:14:48,,,,,1
Door Locked,,,,2026-05-08 07:16:59,,,,,1
Fingerprint Recognition Passed,NUBIA ELENA BEDOYA CARO,42787291,,2026-05-08 07:16:59,faceOrFpOrCardOrPw,1,1,,1
Fingerprint Recognition Passed,CLAUDIA PATRICIA ZAPATA SOTO,43738836,,2026-05-08 07:17:04,faceOrFpOrCardOrPw,1,1,,1
Door Unlocked,,,,2026-05-08 07:17:09,,,,,1
Door Locked,,,,2026-05-08 07:19:01,,,,,1
Face Authentication Passed,JERALDINE GARCIA CASTAÑO,0442978,,2026-05-08 07:19:01,faceOrFpOrCardOrPw,1,1,no,1
Door Unlocked,,,,2026-05-08 07:19:06,,,,,1
Door Locked,,,,2026-05-08 07:19:12,,,,,1
Fingerprint Recognition Passed,PAULA ANDREA URIBE VARGAS,32244015,,2026-05-08 07:19:12,faceOrFpOrCardOrPw,1,1,,1
Door Unlocked,,,,2026-05-08 07:25:39,,,,,1
Door Locked,,,,2026-05-08 07:25:39,,,,,1
Fingerprint Recognition Passed,SEBASTIAN PELAEZ ZAPATA,35867201,,2026-05-08 07:25:39,faceOrFpOrCardOrPw,1,1,,1
Door Unlocked,,,,2026-05-08 07:25:44,,,,,1
Door Locked,,,,2026-05-08 07:27:22,,,,,1
Fingerprint Recognition Passed,MAURICIO MURILLO FONNEGRA,98494133,,2026-05-08 07:27:22,faceOrFpOrCardOrPw,1,1,,1
Door Unlocked,,,,2026-05-08 07:27:27,,,,,1
Fingerprint Recognition Failed,,,,2026-05-08 07:29:40,faceOrFpOrCardOrPw,1,1,,1
Door Locked,,,,2026-05-08 07:29:46,,,,,1
Fingerprint Recognition Passed,ELENA MARIA PATIÑO VARÓN,32353781,,2026-05-08 07:29:46,faceOrFpOrCardOrPw,1,1,,1
Door Unlocked,,,,2026-05-08 07:29:51,,,,,1
Door Locked,,,,2026-05-08 07:30:00,,,,,1
Fingerprint Recognition Passed,MARIA ALEJANDRA CORTES URIBE,36616702,,2026-05-08 07:30:00,faceOrFpOrCardOrPw,1,1,,1
Door Unlocked,,,,2026-05-08 07:30:05,,,,,1
Door Locked,,,,2026-05-08 07:30:06,,,,,1
Fingerprint Recognition Passed,JAQUELINE VALDERRAMA ALVAREZ,4027534,,2026-05-08 07:30:06,faceOrFpOrCardOrPw,1,1,,1
Fingerprint Recognition Passed,KELI JOHANA CARVAJAL DURANGO,52689564,,2026-05-08 07:30:11,faceOrFpOrCardOrPw,1,1,,1
Door Unlocked,,,,2026-05-08 07:30:16,,,,,1
Door Locked,,,,2026-05-08 07:30:28,,,,,1
Fingerprint Recognition Passed,BEIMAR ALBERTO CHAVERRA GIRALDO,98631269,,2026-05-08 07:30:28,faceOrFpOrCardOrPw,1,1,,1
Door Unlocked,,,,2026-05-08 07:30:33,,,,,1
Fingerprint Recognition Failed,,,,2026-05-08 07:31:12,faceOrFpOrCardOrPw,1,1,,1
Door Locked,,,,2026-05-08 07:31:15,,,,,1
Fingerprint Recognition Passed,DORA LUCIA RICO ARENAS,43876654,,2026-05-08 07:31:15,faceOrFpOrCardOrPw,1,1,,1
Door Unlocked,,,,2026-05-08 07:31:20,,,,,1
Door Locked,,,,2026-05-08 07:31:24,,,,,1
Fingerprint Recognition Passed,OSCAR YOVANNY GONZALEZ MUNERA,71214132,,2026-05-08 07:31:24,faceOrFpOrCardOrPw,1,1,,1
Door Unlocked,,,,2026-05-08 07:31:29,,,,,1
Door Locked,,,,2026-05-08 07:34:59,,,,,1
Face Authentication Passed,DANIELA CASTRILLON PULGARIN,17261353,,2026-05-08 07:34:59,faceOrFpOrCardOrPw,1,1,no,1
Door Unlocked,,,,2026-05-08 07:58:11,,,,,1
Door Locked,,,,2026-05-08 07:59:34,,,,,1
Face Authentication Passed,CAMILA ANDREA CARMONA GIRALDO,8439164,,2026-05-08 07:59:34,faceOrFpOrCardOrPw,1,1,no,1
Door Unlocked,,,,2026-05-08 07:59:39,,,,,1
Door Locked,,,,2026-05-08 07:59:50,,,,,1
Fingerprint Recognition Passed,HAILER ARTURO MONTOYA CANO,33337771,,2026-05-08 07:59:50,faceOrFpOrCardOrPw,1,1,,1
Door Unlocked,,,,2026-05-08 07:59:55,,,,,1
Door Locked,,,,2026-05-08 08:00:51,,,,,1
Face Authentication Passed,LEIDY JOHANA LONDONO VALENCIA,93514952,,2026-05-08 08:00:51,faceOrFpOrCardOrPw,1,1,no,1
Door Unlocked,,,,2026-05-08 08:00:56,,,,,1
Door Locked,,,,2026-05-08 08:03:02,,,,,1
Face Authentication Passed,PAULA ANDREA URIBE VARGAS,32244015,,2026-05-08 08:03:02,faceOrFpOrCardOrPw,1,1,no,1
Face Authentication Passed,PAULA ANDREA URIBE VARGAS,32244015,,2026-05-08 08:03:07,faceOrFpOrCardOrPw,1,1,no,1
Face Authentication Passed,PAULA ANDREA URIBE VARGAS,32244015,,2026-05-08 08:03:10,faceOrFpOrCardOrPw,1,1,no,1
Face Authentication Passed,PAULA ANDREA URIBE VARGAS,32244015,,2026-05-08 08:03:13,faceOrFpOrCardOrPw,1,1,no,1
Door Unlocked,,,,2026-05-08 08:03:18,,,,,1
Door Locked,,,,2026-05-08 08:04:01,,,,,1
Face Authentication Passed,PAULA ANDREA URIBE VARGAS,32244015,,2026-05-08 08:04:01,faceOrFpOrCardOrPw,1,1,no,1
Face Authentication Passed,PAULA ANDREA URIBE VARGAS,32244015,,2026-05-08 08:04:06,faceOrFpOrCardOrPw,1,1,no,1
Door Unlocked,,,,2026-05-08 08:04:11,,,,,1
Card Authentication Passed,PAULA ANDREA URIBE VARGAS,32244015,,2026-05-08 08:04:14,faceOrFpOrCardOrPw,1,1,no,1
Door Locked,,,,2026-05-08 08:04:39,,,,,1
Face Authentication Passed,PAULA ANDREA URIBE VARGAS,32244015,,2026-05-08 08:04:39,faceOrFpOrCardOrPw,1,1,no,1
Door Unlocked,,,,2026-05-08 08:04:44,,,,,1
Door Locked,,,,2026-05-08 08:08:16,,,,,1
Fingerprint Recognition Passed,SONIA FABIELLY RESTREPO RESTREPO,42791615,,2026-05-08 08:08:16,faceOrFpOrCardOrPw,1,1,,1
Door Unlocked,,,,2026-05-08 08:08:21,,,,,1
Door Locked,,,,2026-05-08 08:20:50,,,,,1
Fingerprint Recognition Passed,JOHAN ALEXIS MEJIA HENAO,17243886,,2026-05-08 08:20:50,faceOrFpOrCardOrPw,1,1,,1
Door Unlocked,,,,2026-05-08 08:20:55,,,,,1
Door Locked,,,,2026-05-08 12:18:31,,,,,1
Fingerprint Recognition Passed,JUAN CAMILO ZAPATA GONZALEZ,42706670,,2026-05-08 12:18:31,faceOrFpOrCardOrPw,1,1,,1
Door Unlocked,,,,2026-05-08 12:18:36,,,,,1
Door Locked,,,,2026-05-08 12:28:06,,,,,1
Fingerprint Recognition Passed,NUBIA ELENA BEDOYA CARO,42787291,,2026-05-08 12:28:06,faceOrFpOrCardOrPw,1,1,,1
Door Unlocked,,,,2026-05-08 12:28:11,,,,,1
Door Locked,,,,2026-05-08 12:28:14,,,,,1
Face Authentication Passed,JUAN FERNANDO ALVAREZ FIGUEROA,71269108,,2026-05-08 12:28:14,faceOrFpOrCardOrPw,1,1,no,1
Door Unlocked,,,,2026-05-08 12:28:19,,,,,1
Door Locked,,,,2026-05-08 12:32:07,,,,,1
Fingerprint Recognition Passed,KELI JOHANA CARVAJAL DURANGO,52689564,,2026-05-08 12:32:07,faceOrFpOrCardOrPw,1,1,,1
Door Unlocked,,,,2026-05-08 12:32:12,,,,,1
Door Locked,,,,2026-05-08 12:32:52,,,,,1
Fingerprint Recognition Passed,MARIA ALEJANDRA CORTES URIBE,36616702,,2026-05-08 12:32:52,faceOrFpOrCardOrPw,1,1,,1
Door Unlocked,,,,2026-05-08 12:32:57,,,,,1
Door Locked,,,,2026-05-08 12:33:36,,,,,1
Fingerprint Recognition Passed,MARI ANGELA PALACIOS PALACIOS,6816620,,2026-05-08 12:33:36,faceOrFpOrCardOrPw,1,1,,1
Door Unlocked,,,,2026-05-08 12:33:41,,,,,1
Door Locked,,,,2026-05-08 12:34:21,,,,,1
Fingerprint Recognition Passed,DIEGO ANDRES HENAO ROMERO,71337024,,2026-05-08 12:34:21,faceOrFpOrCardOrPw,1,1,,1
Door Unlocked,,,,2026-05-08 12:34:26,,,,,1
Fingerprint Recognition Passed,DAVIDSON GALEANO AVENDAÑO,40370997,,2026-05-08 12:35:51,faceOrFpOrCardOrPw,1,1,,1
Door Locked,,,,2026-05-08 12:35:52,,,,,1
Door Unlocked,,,,2026-05-08 12:35:57,,,,,1
Fingerprint Recognition Passed,PAULA ANDREA URIBE VARGAS,32244015,,2026-05-08 12:37:30,faceOrFpOrCardOrPw,1,1,,1
Door Locked,,,,2026-05-08 12:37:31,,,,,1
Door Unlocked,,,,2026-05-08 12:37:36,,,,,1
Door Locked,,,,2026-05-08 12:42:00,,,,,1
Fingerprint Recognition Passed,OSCAR YOVANNY GONZALEZ MUNERA,71214132,,2026-05-08 12:42:00,faceOrFpOrCardOrPw,1,1,,1
Door Unlocked,,,,2026-05-08 12:42:05,,,,,1
Door Unlocked,,,,2026-05-08 13:18:10,,,,,1
Fingerprint Recognition Failed,,,,2026-05-08 13:19:09,faceOrFpOrCardOrPw,1,1,,1
Face Authentication Failed,,,,2026-05-08 13:19:14,faceOrFpOrCardOrPw,1,1,no,1
Face Authentication Failed,,,,2026-05-08 13:19:18,faceOrFpOrCardOrPw,1,1,no,1
Fingerprint Recognition Passed,DAVIDSON GALEANO AVENDAÑO,40370997,,2026-05-08 13:19:23,faceOrFpOrCardOrPw,1,1,,1
Door Locked,,,,2026-05-08 13:19:24,,,,,1
Door Unlocked,,,,2026-05-08 13:19:29,,,,,1
Door Locked,,,,2026-05-08 13:21:35,,,,,1
Fingerprint Recognition Passed,MARIA ALEJANDRA CORTES URIBE,36616702,,2026-05-08 13:21:35,faceOrFpOrCardOrPw,1,1,,1
Door Unlocked,,,,2026-05-08 13:21:40,,,,,1
Door Locked,,,,2026-05-08 13:25:48,,,,,1
Fingerprint Recognition Passed,JOHAN ALEXIS MEJIA HENAO,17243886,,2026-05-08 13:25:48,faceOrFpOrCardOrPw,1,1,,1
Door Unlocked,,,,2026-05-08 13:25:53,,,,,1
Door Locked,,,,2026-05-08 13:25:54,,,,,1
Fingerprint Recognition Passed,ELIZABETH OSORIO CASTAÑO,37586673,,2026-05-08 13:25:54,faceOrFpOrCardOrPw,1,1,,1
Fingerprint Recognition Passed,ELENA MARIA PATIÑO VARÓN,32353781,,2026-05-08 13:25:58,faceOrFpOrCardOrPw,1,1,,1
Door Unlocked,,,,2026-05-08 13:26:03,,,,,1
Fingerprint Recognition Passed,JUAN PABLO LOPEZ VASCO,900324,,2026-05-08 13:26:06,faceOrFpOrCardOrPw,1,1,,1
Door Locked,,,,2026-05-08 13:26:07,,,,,1
Door Unlocked,,,,2026-05-08 13:26:12,,,,,1
Door Locked,,,,2026-05-08 13:26:56,,,,,1
Fingerprint Recognition Passed,JAQUELINE VALDERRAMA ALVAREZ,4027534,,2026-05-08 13:26:56,faceOrFpOrCardOrPw,1,1,,1
Door Unlocked,,,,2026-05-08 13:27:01,,,,,1
Door Locked,,,,2026-05-08 13:27:13,,,,,1
Fingerprint Recognition Passed,OSCAR YOVANNY GONZALEZ MUNERA,71214132,,2026-05-08 13:27:13,faceOrFpOrCardOrPw,1,1,,1
Fingerprint Recognition Passed,PAULA ANDREA URIBE VARGAS,32244015,,2026-05-08 13:27:17,faceOrFpOrCardOrPw,1,1,,1
Door Unlocked,,,,2026-05-08 13:27:22,,,,,1
Door Locked,,,,2026-05-08 13:28:29,,,,,1
Fingerprint Recognition Passed,SEBASTIAN PELAEZ ZAPATA,35867201,,2026-05-08 13:28:29,faceOrFpOrCardOrPw,1,1,,1
Door Unlocked,,,,2026-05-08 13:28:34,,,,,1
Door Unlocked,,,,2026-05-08 13:59:46,,,,,1
Fingerprint Recognition Passed,JOHAN ALEXIS MEJIA HENAO,17243886,,2026-05-08 14:04:49,faceOrFpOrCardOrPw,1,1,,1
Door Locked,,,,2026-05-08 14:04:50,,,,,1
Door Unlocked,,,,2026-05-08 14:04:55,,,,,1
Door Locked,,,,2026-05-08 14:06:19,,,,,1
Fingerprint Recognition Passed,JAQUELINE VALDERRAMA ALVAREZ,4027534,,2026-05-08 14:06:19,faceOrFpOrCardOrPw,1,1,,1
Door Unlocked,,,,2026-05-08 14:06:24,,,,,1
Door Locked,,,,2026-05-08 14:09:32,,,,,1
Fingerprint Recognition Passed,JUAN PABLO LOPEZ VASCO,900324,,2026-05-08 14:09:32,faceOrFpOrCardOrPw,1,1,,1
Door Unlocked,,,,2026-05-08 14:09:37,,,,,1
Fingerprint Recognition Passed,ELENA MARIA PATIÑO VARÓN,32353781,,2026-05-08 14:15:04,faceOrFpOrCardOrPw,1,1,,1
Door Locked,,,,2026-05-08 14:15:05,,,,,1
Door Unlocked,,,,2026-05-08 14:15:10,,,,,1
Door Locked,,,,2026-05-08 14:23:40,,,,,1
Fingerprint Recognition Passed,CLAUDIA PATRICIA ZAPATA SOTO,43738836,,2026-05-08 14:23:40,faceOrFpOrCardOrPw,1,1,,1
Door Unlocked,,,,2026-05-08 14:23:45,,,,,1
Door Locked,,,,2026-05-08 14:34:14,,,,,1
Fingerprint Recognition Passed,DORA LUCIA RICO ARENAS,43876654,,2026-05-08 14:34:14,faceOrFpOrCardOrPw,1,1,,1
Door Unlocked,,,,2026-05-08 14:34:19,,,,,1
Door Locked,,,,2026-05-08 15:16:08,,,,,1
Face Authentication Passed,JESSICA SALAZAR CAÑAS,52184530,,2026-05-08 15:16:08,faceOrFpOrCardOrPw,1,1,no,1
Door Unlocked,,,,2026-05-08 15:16:13,,,,,1
Door Locked,,,,2026-05-08 15:17:38,,,,,1
Fingerprint Recognition Passed,MARIA ROSMIRA RODRIGUEZ BUITRAGO,42995314,,2026-05-08 15:17:38,faceOrFpOrCardOrPw,1,1,,1
Door Unlocked,,,,2026-05-08 15:17:43,,,,,1
Door Locked,,,,2026-05-08 16:02:17,,,,,1
Face Authentication Passed,JESSICA SALAZAR CAÑAS,52184530,,2026-05-08 16:02:17,faceOrFpOrCardOrPw,1,1,no,1
Door Unlocked,,,,2026-05-08 16:02:22,,,,,1
Door Locked,,,,2026-05-08 17:01:43,,,,,1
Fingerprint Recognition Passed,DAVIDSON GALEANO AVENDAÑO,40370997,,2026-05-08 17:01:43,faceOrFpOrCardOrPw,1,1,,1
Door Locked,,,,2026-05-08 17:25:54,,,,,1
Face Authentication Passed,ANDRES RESTREPO,1399637,,2026-05-08 17:25:54,faceOrFpOrCardOrPw,1,1,no,1
Door Unlocked,,,,2026-05-08 17:25:59,,,,,1
Door Locked,,,,2026-05-08 17:27:31,,,,,1
Fingerprint Recognition Passed,JHONATHAN ESTIVENSON URAN SERNA,28398370,,2026-05-08 17:27:31,faceOrFpOrCardOrPw,1,1,,1
Fingerprint Recognition Passed,JUAN CAMILO ZAPATA GONZALEZ,42706670,,2026-05-08 17:27:36,faceOrFpOrCardOrPw,1,1,,1
Door Unlocked,,,,2026-05-08 17:27:41,,,,,1
Door Locked,,,,2026-05-08 17:31:16,,,,,1
Face Authentication Passed,JERALDINE GARCIA CASTAÑO,0442978,,2026-05-08 17:31:16,faceOrFpOrCardOrPw,1,1,no,1
Door Unlocked,,,,2026-05-08 17:31:21,,,,,1
Door Locked,,,,2026-05-08 17:34:12,,,,,1
Face Authentication Passed,JUAN FERNANDO ALVAREZ FIGUEROA,71269108,,2026-05-08 17:34:12,faceOrFpOrCardOrPw,1,1,no,1
Door Unlocked,,,,2026-05-08 17:34:17,,,,,1
Fingerprint Recognition Passed,DORA LUCIA RICO ARENAS,43876654,,2026-05-08 17:35:52,faceOrFpOrCardOrPw,1,1,,1
Door Locked,,,,2026-05-08 17:35:53,,,,,1
Door Unlocked,,,,2026-05-08 17:35:58,,,,,1
Fingerprint Recognition Failed,,,,2026-05-08 17:38:37,faceOrFpOrCardOrPw,1,1,,1
Fingerprint Recognition Failed,,,,2026-05-08 17:38:40,faceOrFpOrCardOrPw,1,1,,1
Door Locked,,,,2026-05-08 17:38:44,,,,,1
Fingerprint Recognition Passed,OSCAR YOVANNY GONZALEZ MUNERA,71214132,,2026-05-08 17:38:44,faceOrFpOrCardOrPw,1,1,,1
Door Unlocked,,,,2026-05-08 17:38:49,,,,,1
Door Locked,,,,2026-05-08 17:45:46,,,,,1
Fingerprint Recognition Passed,LENIS JOHANA RAMIREZ MANCO,28384637,,2026-05-08 17:45:46,faceOrFpOrCardOrPw,1,1,,1
Door Unlocked,,,,2026-05-08 17:45:51,,,,,1
Door Locked,,,,2026-05-08 17:51:26,,,,,1
Fingerprint Recognition Passed,HAILER ARTURO MONTOYA CANO,33337771,,2026-05-08 17:51:26,faceOrFpOrCardOrPw,1,1,,1
Fingerprint Recognition Passed,WILDER SANTIAGO MEJIA ALVAREZ,20489034,,2026-05-08 17:51:29,faceOrFpOrCardOrPw,1,1,,1
Door Unlocked,,,,2026-05-08 17:51:34,,,,,1
Door Locked,,,,2026-05-08 17:54:11,,,,,1
Face Authentication Passed,CAMILA ANDREA CARMONA GIRALDO,8439164,,2026-05-08 17:54:11,faceOrFpOrCardOrPw,1,1,no,1
Door Locked,,,,2026-05-08 18:21:23,,,,,1
Fingerprint Recognition Passed,EYLER SANTIAGO TABARES MONTEALEGRE,17219543,,2026-05-08 18:21:23,faceOrFpOrCardOrPw,1,1,,1
Door Unlocked,,,,2026-05-08 18:21:28,,,,,1
Door Locked,,,,2026-05-08 18:22:13,,,,,1
Face Authentication Passed,JESSICA SALAZAR CAÑAS,52184530,,2026-05-08 18:22:13,faceOrFpOrCardOrPw,1,1,no,1
Door Unlocked,,,,2026-05-08 18:22:18,,,,,1
Face Authentication Failed,,,,2026-05-08 18:23:48,faceOrFpOrCardOrPw,1,1,no,1
Face Authentication Failed,,,,2026-05-08 18:23:52,faceOrFpOrCardOrPw,1,1,no,1
Door Locked,,,,2026-05-08 18:23:58,,,,,1
Fingerprint Recognition Passed,JOHAN ALEXIS MEJIA HENAO,17243886,,2026-05-08 18:23:58,faceOrFpOrCardOrPw,1,1,,1
Fingerprint Recognition Passed,MARI ANGELA PALACIOS PALACIOS,6816620,,2026-05-08 18:24:03,faceOrFpOrCardOrPw,1,1,,1
Face Authentication Passed,LEIDY JOHANA LONDONO VALENCIA,93514952,,2026-05-08 18:24:07,faceOrFpOrCardOrPw,1,1,no,1
Door Unlocked,,,,2026-05-08 18:24:12,,,,,1
Door Locked,,,,2026-05-08 18:24:50,,,,,1
Fingerprint Recognition Passed,ELENA MARIA PATIÑO VARÓN,32353781,,2026-05-08 18:24:50,faceOrFpOrCardOrPw,1,1,,1
Door Unlocked,,,,2026-05-08 18:24:55,,,,,1
Door Locked,,,,2026-05-08 18:27:11,,,,,1
Fingerprint Recognition Passed,JUAN PABLO LOPEZ VASCO,900324,,2026-05-08 18:27:11,faceOrFpOrCardOrPw,1,1,,1
Door Unlocked,,,,2026-05-08 18:27:16,,,,,1
Door Locked,,,,2026-05-08 18:27:26,,,,,1
Fingerprint Recognition Passed,MARIA ROSMIRA RODRIGUEZ BUITRAGO,42995314,,2026-05-08 18:27:26,faceOrFpOrCardOrPw,1,1,,1
Door Unlocked,,,,2026-05-08 18:27:31,,,,,1
Door Locked,,,,2026-05-08 18:27:38,,,,,1
Fingerprint Recognition Passed,ELIZABETH OSORIO CASTAÑO,37586673,,2026-05-08 18:27:38,faceOrFpOrCardOrPw,1,1,,1
Door Unlocked,,,,2026-05-08 18:27:43,,,,,1
Fingerprint Recognition Failed,,,,2026-05-08 18:27:45,faceOrFpOrCardOrPw,1,1,,1
Door Locked,,,,2026-05-08 18:27:49,,,,,1
Fingerprint Recognition Passed,DIEGO ANDRES HENAO ROMERO,71337024,,2026-05-08 18:27:49,faceOrFpOrCardOrPw,1,1,,1
Door Unlocked,,,,2026-05-08 18:27:54,,,,,1
Face Authentication Passed,JHON JAIME RESTREPO RIAZA,71655733,,2026-05-08 19:32:56,faceOrFpOrCardOrPw,1,1,no,1
Door Locked,,,,2026-05-11 06:18:58,,,,,1
Face Authentication Passed,JUAN FERNANDO ALVAREZ FIGUEROA,71269108,,2026-05-11 06:18:58,faceOrFpOrCardOrPw,1,1,no,1
Door Unlocked,,,,2026-05-11 06:19:03,,,,,1
Door Locked,,,,2026-05-11 06:21:23,,,,,1
Face Authentication Passed,JERALDINE GARCIA CASTAÑO,0442978,,2026-05-11 06:21:23,faceOrFpOrCardOrPw,1,1,no,1
Door Unlocked,,,,2026-05-11 06:21:28,,,,,1
Door Locked,,,,2026-05-11 06:25:50,,,,,1
Face Authentication Passed,DUBER ERLEY GIRALDO ZULUAGA,17209957,,2026-05-11 06:25:50,faceOrFpOrCardOrPw,1,1,no,1
Door Unlocked,,,,2026-05-11 06:25:55,,,,,1
Door Locked,,,,2026-05-11 06:33:39,,,,,1
Fingerprint Recognition Passed,LUZ DERLIS ORTEGA GONZALEZ,57292045,,2026-05-11 06:33:39,faceOrFpOrCardOrPw,1,1,,1
Door Unlocked,,,,2026-05-11 06:33:44,,,,,1
Door Locked,,,,2026-05-11 06:50:55,,,,,1
Fingerprint Recognition Passed,CARLOS ANDRES OROZCO UPEGUI,3396375,,2026-05-11 06:50:55,faceOrFpOrCardOrPw,1,1,,1
Door Unlocked,,,,2026-05-11 06:51:00,,,,,1
Door Locked,,,,2026-05-11 07:05:50,,,,,1
Face Authentication Passed,JOHN ALEXANDER CUADROS SERNA,8126705,,2026-05-11 07:05:50,faceOrFpOrCardOrPw,1,1,no,1
Door Unlocked,,,,2026-05-11 07:05:55,,,,,1
Door Locked,,,,2026-05-11 07:06:19,,,,,1
Face Authentication Passed,BAIRON NICOLAS CALLE RIVERA,40367273,,2026-05-11 07:06:19,faceOrFpOrCardOrPw,1,1,no,1
Door Unlocked,,,,2026-05-11 07:06:24,,,,,1
Door Locked,,,,2026-05-11 07:06:43,,,,,1
Fingerprint Recognition Passed,EDIVER GALEANO CARMONA,16725402,,2026-05-11 07:06:43,faceOrFpOrCardOrPw,1,1,,1
Door Unlocked,,,,2026-05-11 07:06:48,,,,,1
Door Locked,,,,2026-05-11 07:06:49,,,,,1
Fingerprint Recognition Passed,JUAN CAMILO GIRALDO TORRES,887772,,2026-05-11 07:06:49,faceOrFpOrCardOrPw,1,1,,1
Door Unlocked,,,,2026-05-11 07:06:54,,,,,1
Door Locked,,,,2026-05-11 07:12:31,,,,,1
Fingerprint Recognition Passed,JUAN CAMILO ZAPATA GONZALEZ,42706670,,2026-05-11 07:12:31,faceOrFpOrCardOrPw,1,1,,1
Door Unlocked,,,,2026-05-11 07:12:36,,,,,1
Door Unlocked,,,,2026-05-11 07:25:51,,,,,1
Fingerprint Recognition Failed,,,,2026-05-11 07:26:26,faceOrFpOrCardOrPw,1,1,,1
Door Locked,,,,2026-05-11 07:26:30,,,,,1
Fingerprint Recognition Passed,JAQUELINE VALDERRAMA ALVAREZ,4027534,,2026-05-11 07:26:30,faceOrFpOrCardOrPw,1,1,,1
Fingerprint Recognition Passed,CLAUDIA PATRICIA ZAPATA SOTO,43738836,,2026-05-11 07:26:34,faceOrFpOrCardOrPw,1,1,,1
Door Unlocked,,,,2026-05-11 07:26:39,,,,,1
Door Locked,,,,2026-05-11 07:27:16,,,,,1
Fingerprint Recognition Passed,KELI JOHANA CARVAJAL DURANGO,52689564,,2026-05-11 07:27:16,faceOrFpOrCardOrPw,1,1,,1
Door Unlocked,,,,2026-05-11 07:27:21,,,,,1
Fingerprint Recognition Failed,,,,2026-05-11 07:27:32,faceOrFpOrCardOrPw,1,1,,1
Fingerprint Recognition Failed,,,,2026-05-11 07:27:36,faceOrFpOrCardOrPw,1,1,,1
Door Locked,,,,2026-05-11 07:27:54,,,,,1
Fingerprint Recognition Passed,BEIMAR ALBERTO CHAVERRA GIRALDO,98631269,,2026-05-11 07:27:54,faceOrFpOrCardOrPw,1,1,,1
Door Unlocked,,,,2026-05-11 07:27:59,,,,,1
Door Locked,,,,2026-05-11 07:28:26,,,,,1
Fingerprint Recognition Passed,ESTEFANIA GOMEZ ARENAS,28478853,,2026-05-11 07:28:26,faceOrFpOrCardOrPw,1,1,,1
Door Unlocked,,,,2026-05-11 07:28:31,,,,,1
Door Locked,,,,2026-05-11 07:28:37,,,,,1
Fingerprint Recognition Passed,OSCAR YOVANNY GONZALEZ MUNERA,71214132,,2026-05-11 07:28:37,faceOrFpOrCardOrPw,1,1,,1
Door Unlocked,,,,2026-05-11 07:28:42,,,,,1
Door Locked,,,,2026-05-11 07:30:02,,,,,1
Fingerprint Recognition Passed,SEBASTIAN PELAEZ ZAPATA,35867201,,2026-05-11 07:30:02,faceOrFpOrCardOrPw,1,1,,1
Door Unlocked,,,,2026-05-11 07:30:07,,,,,1
Door Locked,,,,2026-05-11 07:31:56,,,,,1
Fingerprint Recognition Passed,DORA LUCIA RICO ARENAS,43876654,,2026-05-11 07:31:56,faceOrFpOrCardOrPw,1,1,,1
Door Unlocked,,,,2026-05-11 07:32:01,,,,,1
Door Locked,,,,2026-05-11 07:34:52,,,,,1
Fingerprint Recognition Passed,ELENA MARIA PATIÑO VARÓN,32353781,,2026-05-11 07:34:52,faceOrFpOrCardOrPw,1,1,,1
Door Unlocked,,,,2026-05-11 07:34:57,,,,,1
Door Locked,,,,2026-05-11 07:37:04,,,,,1
Door Unlocked,,,,2026-05-11 07:56:24,,,,,1
Face Authentication Passed,JESSICA SALAZAR CAÑAS,52184530,,2026-05-11 07:58:15,faceOrFpOrCardOrPw,1,1,no,1
Door Locked,,,,2026-05-11 07:58:16,,,,,1
Door Unlocked,,,,2026-05-11 07:58:21,,,,,1
Door Locked,,,,2026-05-11 07:58:50,,,,,1
Face Authentication Passed,CAMILA ANDREA CARMONA GIRALDO,8439164,,2026-05-11 07:58:50,faceOrFpOrCardOrPw,1,1,no,1
Door Unlocked,,,,2026-05-11 07:58:55,,,,,1
Face Authentication Passed,LEIDY JOHANA LONDONO VALENCIA,93514952,,2026-05-11 07:59:01,faceOrFpOrCardOrPw,1,1,no,1
Door Locked,,,,2026-05-11 07:59:02,,,,,1
Door Unlocked,,,,2026-05-11 07:59:07,,,,,1
Door Locked,,,,2026-05-11 07:59:53,,,,,1
Fingerprint Recognition Passed,SONIA FABIELLY RESTREPO RESTREPO,42791615,,2026-05-11 07:59:53,faceOrFpOrCardOrPw,1,1,,1
Door Unlocked,,,,2026-05-11 07:59:58,,,,,1
Door Locked,,,,2026-05-11 08:10:11,,,,,1
Face Authentication Passed,YONATAN OLIVEROS CUADROS,28454075,,2026-05-11 08:10:11,faceOrFpOrCardOrPw,1,1,no,1
Door Unlocked,,,,2026-05-11 08:10:16,,,,,1
Door Locked,,,,2026-05-11 08:18:45,,,,,1
Fingerprint Recognition Passed,CARLOS ALARCON GOMEZ,71716731,,2026-05-11 08:18:45,faceOrFpOrCardOrPw,1,1,,1
Door Unlocked,,,,2026-05-11 08:18:50,,,,,1
Door Locked,,,,2026-05-11 08:23:00,,,,,1
Fingerprint Recognition Passed,OMAR ENRIQUE OROZCO SIMANCA,65579115,,2026-05-11 08:23:00,faceOrFpOrCardOrPw,1,1,,1
Fingerprint Recognition Passed,JOHAN ALEXIS MEJIA HENAO,17243886,,2026-05-11 08:23:04,faceOrFpOrCardOrPw,1,1,,1
Door Unlocked,,,,2026-05-11 08:23:09,,,,,1
Door Locked,,,,2026-05-11 08:23:32,,,,,1
Fingerprint Recognition Passed,DIEGO ANDRES HENAO ROMERO,71337024,,2026-05-11 08:23:32,faceOrFpOrCardOrPw,1,1,,1
Door Unlocked,,,,2026-05-11 08:23:37,,,,,1
Door Locked,,,,2026-05-11 08:24:45,,,,,1
Fingerprint Recognition Passed,ELIZABETH OSORIO CASTAÑO,37586673,,2026-05-11 08:24:45,faceOrFpOrCardOrPw,1,1,,1
Door Unlocked,,,,2026-05-11 08:24:50,,,,,1
Door Locked,,,,2026-05-11 08:27:20,,,,,1
Door Unlocked,,,,2026-05-11 11:52:47,,,,,1
Door Locked,,,,2026-05-11 12:27:55,,,,,1
Fingerprint Recognition Passed,JAQUELINE VALDERRAMA ALVAREZ,4027534,,2026-05-11 12:27:55,faceOrFpOrCardOrPw,1,1,,1
Door Unlocked,,,,2026-05-11 12:28:00,,,,,1
Door Locked,,,,2026-05-11 12:30:30,,,,,1
Fingerprint Recognition Passed,JOHAN ALEXIS MEJIA HENAO,17243886,,2026-05-11 12:30:30,faceOrFpOrCardOrPw,1,1,,1
Door Unlocked,,,,2026-05-11 12:30:35,,,,,1
Door Locked,,,,2026-05-11 12:30:47,,,,,1
Fingerprint Recognition Passed,DAVIDSON GALEANO AVENDAÑO,40370997,,2026-05-11 12:30:47,faceOrFpOrCardOrPw,1,1,,1
Door Unlocked,,,,2026-05-11 12:30:52,,,,,1
Door Locked,,,,2026-05-11 12:33:40,,,,,1
Face Authentication Passed,LEIDY JOHANA LONDONO VALENCIA,93514952,,2026-05-11 12:33:40,faceOrFpOrCardOrPw,1,1,no,1
Door Unlocked,,,,2026-05-11 12:33:45,,,,,1
Door Locked,,,,2026-05-11 12:36:10,,,,,1
Fingerprint Recognition Passed,JUAN PABLO LOPEZ VASCO,900324,,2026-05-11 12:36:10,faceOrFpOrCardOrPw,1,1,,1
Fingerprint Recognition Passed,ELENA MARIA PATIÑO VARÓN,32353781,,2026-05-11 12:36:13,faceOrFpOrCardOrPw,1,1,,1
Door Unlocked,,,,2026-05-11 12:36:18,,,,,1
Door Locked,,,,2026-05-11 12:38:15,,,,,1
Fingerprint Recognition Passed,MARI ANGELA PALACIOS PALACIOS,6816620,,2026-05-11 12:38:15,faceOrFpOrCardOrPw,1,1,,1
Door Unlocked,,,,2026-05-11 12:38:20,,,,,1
Door Locked,,,,2026-05-11 12:45:36,,,,,1
Fingerprint Recognition Passed,SANDRA CAROLINA OSORIO SALAZAR,35388650,,2026-05-11 12:45:36,faceOrFpOrCardOrPw,1,1,,1
Door Unlocked,,,,2026-05-11 12:45:40,,,,,1
Door Locked,,,,2026-05-11 13:08:57,,,,,1
Fingerprint Recognition Passed,OSCAR YOVANNY GONZALEZ MUNERA,71214132,,2026-05-11 13:08:57,faceOrFpOrCardOrPw,1,1,,1
Door Unlocked,,,,2026-05-11 13:09:02,,,,,1
Door Locked,,,,2026-05-11 13:15:12,,,,,1
Fingerprint Recognition Passed,ANDRES FELIPE AGUIRRE MARIN,70422459,,2026-05-11 13:15:12,faceOrFpOrCardOrPw,1,1,,1
Door Unlocked,,,,2026-05-11 13:15:18,,,,,1
Door Locked,,,,2026-05-11 13:16:55,,,,,1
Fingerprint Recognition Passed,DAVIDSON GALEANO AVENDAÑO,40370997,,2026-05-11 13:16:55,faceOrFpOrCardOrPw,1,1,,1
Door Unlocked,,,,2026-05-11 13:49:04,,,,,1
Door Locked,,,,2026-05-11 13:54:24,,,,,1
Fingerprint Recognition Passed,SEBASTIAN PELAEZ ZAPATA,35867201,,2026-05-11 13:54:24,faceOrFpOrCardOrPw,1,1,,1
Door Unlocked,,,,2026-05-11 13:54:29,,,,,1
Door Locked,,,,2026-05-11 13:59:58,,,,,1
Fingerprint Recognition Passed,ANDRES FELIPE AGUIRRE MARIN,70422459,,2026-05-11 13:59:58,faceOrFpOrCardOrPw,1,1,,1
Door Unlocked,,,,2026-05-11 14:00:03,,,,,1
Door Locked,,,,2026-05-11 14:00:09,,,,,1
Fingerprint Recognition Passed,CLAUDIA PATRICIA ZAPATA SOTO,43738836,,2026-05-11 14:00:09,faceOrFpOrCardOrPw,1,1,,1
Door Unlocked,,,,2026-05-11 14:00:14,,,,,1
Door Locked,,,,2026-05-11 14:01:26,,,,,1
Fingerprint Recognition Passed,DIEGO ANDRES HENAO ROMERO,71337024,,2026-05-11 14:01:26,faceOrFpOrCardOrPw,1,1,,1
Door Unlocked,,,,2026-05-11 14:01:31,,,,,1
Door Locked,,,,2026-05-11 14:05:59,,,,,1
Fingerprint Recognition Passed,JHONATHAN ESTIVENSON URAN SERNA,28398370,,2026-05-11 14:05:59,faceOrFpOrCardOrPw,1,1,,1
Door Unlocked,,,,2026-05-11 14:06:04,,,,,1
Door Locked,,,,2026-05-11 14:11:31,,,,,1
Face Authentication Passed,BAIRON NICOLAS CALLE RIVERA,40367273,,2026-05-11 14:11:31,faceOrFpOrCardOrPw,1,1,no,1
Door Unlocked,,,,2026-05-11 14:11:36,,,,,1
Door Locked,,,,2026-05-11 14:12:08,,,,,1
Fingerprint Recognition Passed,OMAR ENRIQUE OROZCO SIMANCA,65579115,,2026-05-11 14:12:08,faceOrFpOrCardOrPw,1,1,,1
Door Unlocked,,,,2026-05-11 14:12:13,,,,,1
Door Locked,,,,2026-05-11 14:15:13,,,,,1
Fingerprint Recognition Passed,SEBASTIAN PELAEZ ZAPATA,35867201,,2026-05-11 14:15:13,faceOrFpOrCardOrPw,1,1,,1
Door Unlocked,,,,2026-05-11 14:15:18,,,,,1
Fingerprint Recognition Failed,,,,2026-05-11 14:42:05,faceOrFpOrCardOrPw,1,1,,1
Door Locked,,,,2026-05-11 14:42:08,,,,,1
Fingerprint Recognition Passed,DIEGO ANDRES HENAO ROMERO,71337024,,2026-05-11 14:42:08,faceOrFpOrCardOrPw,1,1,,1
Door Unlocked,,,,2026-05-11 14:42:13,,,,,1
Door Locked,,,,2026-05-11 14:45:07,,,,,1
Door Unlocked,,,,2026-05-11 17:09:16,,,,,1
Face Authentication Failed,,,,2026-05-11 17:09:20,faceOrFpOrCardOrPw,1,1,no,1
Door Locked,,,,2026-05-11 17:09:23,,,,,1
Fingerprint Recognition Passed,JHONATHAN ESTIVENSON URAN SERNA,28398370,,2026-05-11 17:09:23,faceOrFpOrCardOrPw,1,1,,1
Door Unlocked,,,,2026-05-11 17:09:28,,,,,1
Door Locked,,,,2026-05-11 17:09:46,,,,,1
Fingerprint Recognition Passed,DAVIDSON GALEANO AVENDAÑO,40370997,,2026-05-11 17:09:46,faceOrFpOrCardOrPw,1,1,,1
Door Unlocked,,,,2026-05-11 17:09:51,,,,,1
Door Locked,,,,2026-05-11 17:10:03,,,,,1
Fingerprint Recognition Passed,ANDRES FELIPE AGUIRRE MARIN,70422459,,2026-05-11 17:10:03,faceOrFpOrCardOrPw,1,1,,1
Door Unlocked,,,,2026-05-11 17:10:08,,,,,1
Door Locked,,,,2026-05-11 17:10:13,,,,,1
Fingerprint Recognition Passed,JAQUELINE VALDERRAMA ALVAREZ,4027534,,2026-05-11 17:10:13,faceOrFpOrCardOrPw,1,1,,1
Door Unlocked,,,,2026-05-11 17:10:18,,,,,1
Door Locked,,,,2026-05-11 17:10:22,,,,,1
Fingerprint Recognition Passed,CARLOS ANDRES OROZCO UPEGUI,3396375,,2026-05-11 17:10:22,faceOrFpOrCardOrPw,1,1,,1
Door Unlocked,,,,2026-05-11 17:10:27,,,,,1
Door Locked,,,,2026-05-11 17:13:33,,,,,1
Fingerprint Recognition Passed,CLAUDIA PATRICIA ZAPATA SOTO,43738836,,2026-05-11 17:13:33,faceOrFpOrCardOrPw,1,1,,1
Door Unlocked,,,,2026-05-11 17:13:38,,,,,1
Door Locked,,,,2026-05-11 17:15:05,,,,,1
Fingerprint Recognition Passed,JUAN CAMILO ZAPATA GONZALEZ,42706670,,2026-05-11 17:15:05,faceOrFpOrCardOrPw,1,1,,1
Door Unlocked,,,,2026-05-11 17:15:10,,,,,1
Door Locked,,,,2026-05-11 17:15:58,,,,,1
Face Authentication Passed,JERALDINE GARCIA CASTAÑO,0442978,,2026-05-11 17:15:58,faceOrFpOrCardOrPw,1,1,no,1
Door Unlocked,,,,2026-05-11 17:16:03,,,,,1
Fingerprint Recognition Passed,OSCAR YOVANNY GONZALEZ MUNERA,71214132,,2026-05-11 17:25:02,faceOrFpOrCardOrPw,1,1,,1
Door Locked,,,,2026-05-11 17:25:03,,,,,1
Door Unlocked,,,,2026-05-11 17:25:08,,,,,1
Fingerprint Recognition Passed,DORA LUCIA RICO ARENAS,43876654,,2026-05-11 17:26:33,faceOrFpOrCardOrPw,1,1,,1
Door Locked,,,,2026-05-11 18:00:49,,,,,1
Fingerprint Recognition Passed,SONIA FABIELLY RESTREPO RESTREPO,42791615,,2026-05-11 18:00:49,faceOrFpOrCardOrPw,1,1,,1
Door Unlocked,,,,2026-05-11 18:00:54,,,,,1
Door Locked,,,,2026-05-11 18:04:35,,,,,1
Fingerprint Recognition Passed,ELENA MARIA PATIÑO VARÓN,32353781,,2026-05-11 18:04:35,faceOrFpOrCardOrPw,1,1,,1
Door Unlocked,,,,2026-05-11 18:04:40,,,,,1
Door Locked,,,,2026-05-11 18:13:22,,,,,1
Fingerprint Recognition Passed,EYLER SANTIAGO TABARES MONTEALEGRE,17219543,,2026-05-11 18:13:22,faceOrFpOrCardOrPw,1,1,,1
Fingerprint Recognition Passed,MARI ANGELA PALACIOS PALACIOS,6816620,,2026-05-11 18:13:25,faceOrFpOrCardOrPw,1,1,,1
Door Unlocked,,,,2026-05-11 18:13:30,,,,,1
Fingerprint Recognition Passed,JUAN PABLO LOPEZ VASCO,900324,,2026-05-11 18:13:44,faceOrFpOrCardOrPw,1,1,,1
Door Locked,,,,2026-05-11 18:13:45,,,,,1
Door Unlocked,,,,2026-05-11 18:13:50,,,,,1
Fingerprint Recognition Failed,,,,2026-05-11 18:13:52,faceOrFpOrCardOrPw,1,1,,1
Door Locked,,,,2026-05-11 18:13:56,,,,,1
Fingerprint Recognition Passed,OMAR ENRIQUE OROZCO SIMANCA,65579115,,2026-05-11 18:13:56,faceOrFpOrCardOrPw,1,1,,1
Door Unlocked,,,,2026-05-11 18:14:01,,,,,1
Door Locked,,,,2026-05-11 18:15:20,,,,,1
Fingerprint Recognition Passed,JOHAN ALEXIS MEJIA HENAO,17243886,,2026-05-11 18:15:20,faceOrFpOrCardOrPw,1,1,,1
Fingerprint Recognition Passed,ELIZABETH OSORIO CASTAÑO,37586673,,2026-05-11 18:15:25,faceOrFpOrCardOrPw,1,1,,1
Door Unlocked,,,,2026-05-11 18:15:30,,,,,1
Door Locked,,,,2026-05-11 18:19:38,,,,,1
Fingerprint Recognition Passed,DIEGO ANDRES HENAO ROMERO,71337024,,2026-05-11 18:19:38,faceOrFpOrCardOrPw,1,1,,1
Door Unlocked,,,,2026-05-11 18:19:43,,,,,1
Door Locked,,,,2026-05-11 18:25:54,,,,,1
Fingerprint Recognition Passed,MARIA ROSMIRA RODRIGUEZ BUITRAGO,42995314,,2026-05-11 18:25:54,faceOrFpOrCardOrPw,1,1,,1
Door Unlocked,,,,2026-05-11 18:25:59,,,,,1
